h_str,a_str,hth,h_poise,a_poise,result
80.6,78.9,0.0,0.0,0,WIN
72.3,75.5,0.0,0.0,0,LOSE
78.4,74.3,0.0,0.0,0,DRAW
73.3,75.9,0.0,0.0,0,WIN
72.7,75.5,0.0,0.0,0,LOSE
84.0,77.1,0.0,0.0,0,DRAW
76.0,74.8,0.0,0.0,0,DRAW
82.1,75.2,0.0,0.0,0,LOSE
75.8,76.9,0.0,0.0,0,LOSE
73.4,82.1,0.0,0.0,0,LOSE
75.5,80.9,0.0,0.0,0,LOSE
74.7,78.1,0.0,0.0,0,LOSE
76.0,73.4,0.0,0.0,0,LOSE
77.1,76.0,0.0,0.0,0,WIN
79.4,76.1,0.0,0.0,0,DRAW
74.1,74.2,0.0,0.0,0,DRAW
75.2,73.3,0.0,0.0,0,LOSE
76.2,82.5,0.0,0.0,0,LOSE
82.6,83.3,0.0,0.0,0,WIN
76.9,72.5,0.0,0.0,0,WIN
81.5,75.3,3.0,0.0,0,DRAW
73.4,76.7,0.0,1.0,0,DRAW
75.4,77.1,0.0,1.0,0,DRAW
75.9,74.8,0.0,3.0,0,WIN
73.3,79.1,3.0,0.0,0,DRAW
75.6,72.5,0.0,0.0,0,LOSE
74.1,83.5,0.0,0.0,0,LOSE
78.1,82.6,1.0,3.0,0,LOSE
74.4,74.2,1.0,1.0,0,DRAW
81.0,77.5,0.0,3.0,0,DRAW
76.5,81.3,1.0,3.0,0,LOSE
76.5,74.5,0.0,1.0,0,LOSE
75.2,75.8,0.0,0.0,0,DRAW
72.6,72.7,0.0,3.0,0,DRAW
83.3,76.0,1.0,3.0,0,LOSE
77.5,75.7,3.0,3.0,0,LOSE
82.6,75.0,3.0,1.0,0,WIN
78.7,78.5,1.0,3.0,0,DRAW
74.4,73.4,0.0,3.0,0,WIN
77.0,81.4,3.0,3.0,0,WIN
77.5,82.6,0.5,1.5,0,WIN
82.0,76.2,0.5,1.0,0,WIN
76.0,82.1,1.5,3.0,0,LOSE
74.0,77.0,1.0,1.0,0,WIN
74.5,74.9,0.0,1.0,0,DRAW
73.5,71.3,0.5,1.5,0,WIN
81.2,77.0,2.0,2.0,0,WIN
75.6,78.0,0.5,0.5,0,LOSE
74.1,75.0,2.0,1.5,0,WIN
75.9,76.6,0.0,0.5,0,WIN
83.1,82.0,0.5,3.0,0,WIN
76.6,73.5,0.5,0.5,0,LOSE
75.0,74.5,0.5,2.0,0,LOSE
72.9,75.5,0.5,0.5,0,WIN
76.5,74.2,0.0,2.0,0,DRAW
77.1,76.7,3.0,2.0,0,DRAW
82.4,75.8,3.0,3.0,0,LOSE
78.5,75.7,1.0,3.0,0,WIN
75.8,81.3,1.5,1.5,0,LOSE
79.7,73.4,1.5,1.5,0,DRAW
78.9,81.7,1.6666666666666667,3.0,0,WIN
76.2,77.1,1.0,0.6666666666666666,0,WIN
76.8,72.9,0.3333333333333333,1.0,0,WIN
73.5,82.2,2.3333333333333335,2.0,0,LOSE
79.2,75.0,1.3333333333333333,1.0,0,WIN
81.1,76.1,2.3333333333333335,0.3333333333333333,0,WIN
75.9,73.5,1.0,1.3333333333333333,0,DRAW
74.8,82.6,0.3333333333333333,1.0,0,DRAW
73.5,75.2,1.6666666666666667,2.0,0,LOSE
74.6,76.7,0.3333333333333333,1.6666666666666667,0,LOSE
75.5,74.5,1.0,2.3333333333333335,0,WIN
74.6,76.6,0.3333333333333333,0.6666666666666666,0,LOSE
72.5,73.0,1.3333333333333333,1.3333333333333333,0,DRAW
82.7,74.7,2.0,0.3333333333333333,0,WIN
73.5,73.3,1.3333333333333333,1.6666666666666667,0,LOSE
75.1,75.9,0.3333333333333333,3.0,0,DRAW
83.1,76.0,1.3333333333333333,1.0,0,LOSE
76.7,79.2,1.3333333333333333,1.3333333333333333,0,DRAW
77.3,79.1,2.3333333333333335,1.3333333333333333,0,DRAW
82.0,81.5,1.3333333333333333,2.0,0,WIN
79.7,78.9,2.0,1.25,0,DRAW
75.6,73.3,1.5,2.0,0,DRAW
74.7,74.8,0.25,0.25,0,WIN
80.4,74.6,1.0,0.75,0,WIN
75.5,75.5,1.5,2.5,0,LOSE
78.0,81.8,1.25,1.5,0,LOSE
82.1,71.9,2.25,0.75,0,WIN
73.0,82.5,1.25,2.25,0,LOSE
75.4,73.5,0.5,1.25,0,WIN
76.0,77.0,2.0,1.25,0,LOSE
74.5,77.1,0.25,0.5,0,LOSE
73.0,74.9,1.75,2.25,0,WIN
75.5,83.1,1.0,1.0,0,WIN
73.8,74.7,1.0,1.75,0,LOSE
77.0,73.0,1.0,1.25,0,LOSE
81.7,78.3,1.75,2.0,0,WIN
75.7,75.4,0.5,0.25,0,WIN
72.5,79.4,1.25,1.25,0,LOSE
81.6,82.2,2.5,2.25,0,DRAW
78.9,76.5,1.75,1.5,0,DRAW
82.2,79.5,1.4,1.2,0,LOSE
75.7,81.8,1.2,1.8,0,DRAW
81.3,73.8,2.4,1.0,0,WIN
75.1,77.2,1.0,1.6,0,DRAW
77.1,81.8,1.6,2.4,0,LOSE
73.0,75.7,1.0,2.6,0,WIN
74.7,72.9,0.8,1.8,0,LOSE
78.2,75.1,1.0,0.2,0,WIN
76.5,72.5,1.4,0.6,0,WIN
79.4,74.5,1.8,0.6,0,WIN
71.7,75.1,1.0,0.2,0,LOSE
73.0,73.0,2.0,1.6,0,WIN
80.3,74.5,2.2,2.0,0,WIN
72.5,77.1,0.8,1.0,0,WIN
76.2,77.7,1.4,1.6,0,DRAW
73.6,77.3,1.0,1.4,0,LOSE
77.2,82.3,0.8,0.8,0,WIN
75.7,82.2,0.2,2.0,0,DRAW
82.1,79.4,2.0,1.6,0,DRAW
78.6,76.1,1.6,1.8,0,LOSE
73.5,80.5,1.4,1.4,0,LOSE
75.8,71.9,1.0,0.6,0,DRAW
76.2,77.2,2.0,1.6,0,LOSE
74.7,82.3,0.8,2.4,0,WIN
75.1,73.5,1.0,1.8,0,LOSE
77.7,74.9,1.4,0.0,0,WIN
82.2,73.0,1.2,0.4,0,WIN
81.9,79.3,2.4,1.2,0,LOSE
79.0,75.6,2.2,2.0,0,WIN
76.1,75.6,1.4,0.2,0,LOSE
75.5,77.2,1.0,2.0,0,WIN
75.5,73.5,0.4,1.4,0,LOSE
71.9,77.7,1.0,1.2,0,DRAW
76.1,75.1,0.8,0.8,0,WIN
81.6,76.4,1.8,1.8,0,WIN
73.9,80.1,2.0,2.0,0,DRAW
79.3,82.8,2.6,0.8,0,DRAW
75.8,74.9,1.6,1.8,0,DRAW
78.6,75.9,1.0,0.8,0,WIN
72.0,82.2,1.4,1.8,0,DRAW
77.5,82.1,1.4,1.6,0,WIN
76.1,73.5,0.6,2.2,0,LOSE
73.2,72.0,1.2,0.4,0,WIN
74.5,79.4,1.4,1.8,0,DRAW
80.6,74.0,2.2,0.6,0,WIN
78.6,76.5,2.2,1.4,0,DRAW
76.2,75.3,1.4,0.0,0,DRAW
83.1,71.5,1.8,0.2,0,LOSE
75.4,78.7,1.0,1.6,0,WIN
77.5,76.0,2.0,1.8,0,DRAW
72.5,79.0,1.4,1.2,0,DRAW
82.1,77.0,2.4,0.6,0,WIN
73.5,73.8,1.4,2.0,0,LOSE
76.1,74.1,1.4,1.6,0,WIN
75.9,77.0,1.8,2.0,0,DRAW
71.5,74.3,1.0,1.6,0,WIN
75.3,80.8,0.2,2.0,0,LOSE
79.3,74.3,1.6,1.4,0,DRAW
78.5,75.4,2.2,0.6,0,LOSE
73.5,82.9,2.0,0.4,0,WIN
74.3,71.8,1.4,0.8,0,LOSE
75.4,79.3,1.6,1.8,0,LOSE
77.4,75.5,2.0,1.4,0,LOSE
83.0,74.4,1.2,0.6,0,WIN
79.0,73.4,1.6,2.6,0,LOSE
80.6,72.5,2.2,0.2,0,LOSE
75.4,75.4,1.6,0.2,0,DRAW
73.8,78.6,1.2,1.6,0,WIN
77.2,75.5,0.4,1.0,0,DRAW
80.8,82.6,2.6,1.0,0,WIN
77.5,80.3,1.8,1.6,0,WIN
77.0,74.4,0.4,1.0,0,WIN
79.3,73.3,1.6,0.6,0,WIN
75.1,75.3,0.2,1.0,0,DRAW
71.8,74.8,1.0,2.0,0,DRAW
83.5,74.5,1.8,2.0,0,DRAW
78.9,73.9,1.6,2.6,0,WIN
82.5,74.4,2.4,0.6,0,WIN
74.9,79.1,1.6,1.2,0,LOSE
76.5,80.8,1.0,2.0,0,WIN
74.4,74.9,1.4,1.2,0,WIN
72.9,78.0,1.8,1.8,0,LOSE
73.2,75.3,1.0,0.4,0,WIN
75.9,72.5,1.4,0.6,0,DRAW
77.7,77.5,1.4,1.6,0,LOSE
80.4,72.0,2.6,1.4,0,WIN
81.6,82.5,1.6,0.4,0,DRAW
75.7,76.5,1.4,1.4,0,WIN
74.0,83.1,2.0,0.4,0,DRAW
75.4,79.5,1.4,1.4,0,LOSE
75.6,78.6,1.8,1.8,3.0,WIN
74.4,77.5,1.4,1.6,3.0,WIN
81.2,75.4,2.6,1.2,3.0,WIN
73.5,71.5,2.2,1.4,1.0,DRAW
81.5,77.0,1.2,0.8,0.0,WIN
72.5,76.6,1.6,0.8,0.0,WIN
74.5,74.6,1.2,0.4,1.0,WIN
74.5,83.1,1.8,0.6,0.0,LOSE
75.1,82.9,1.6,0.4,3.0,LOSE
78.8,78.5,1.4,2.2,1.0,DRAW
75.4,79.5,1.0,1.0,1.0,DRAW
74.5,76.0,0.4,1.6,0.0,WIN
71.9,76.0,1.0,0.6,3.0,LOSE
74.5,75.0,1.4,2.0,1.0,WIN
76.7,72.5,1.8,0.6,1.0,WIN
75.6,75.9,1.0,0.6,1.0,LOSE
82.4,74.5,1.4,1.0,3.0,DRAW
82.5,78.3,2.4,1.2,3.0,DRAW
78.3,80.8,1.6,1.4,1.0,DRAW
78.5,73.9,2.0,2.4,1.0,LOSE
79.1,75.6,1.4,1.2,3.0,WIN
81.5,75.8,2.0,1.6,3.0,WIN
75.3,75.7,1.0,1.2,0.0,WIN
74.6,74.5,1.4,0.6,1.0,WIN
82.4,78.2,1.6,1.4,0.0,DRAW
71.6,73.3,1.0,0.6,0.0,WIN
74.5,73.9,1.0,2.4,0.0,DRAW
79.0,79.5,1.6,1.0,0.0,LOSE
76.7,80.1,2.4,1.0,0.0,DRAW
76.8,74.1,1.0,1.4,0.0,WIN
73.7,78.2,2.2,1.2,1.0,LOSE
75.8,78.7,1.4,1.8,0.0,LOSE
77.5,75.3,1.6,0.6,3.0,LOSE
73.9,76.6,1.8,1.4,1.0,WIN
75.6,74.8,2.0,0.4,3.0,DRAW
75.9,71.6,1.2,1.6,0.0,DRAW
73.6,75.1,1.2,1.2,3.0,WIN
76.2,82.9,1.8,1.0,3.0,DRAW
77.8,77.0,1.0,0.2,1.0,LOSE
80.8,82.5,2.6,1.0,0.0,LOSE
80.8,75.6,2.4,0.6,0.0,DRAW
73.9,79.1,1.8,1.2,0.0,WIN
74.8,78.5,1.6,2.2,0.0,LOSE
76.0,81.7,1.4,1.0,0.0,LOSE
76.2,75.0,1.8,0.6,1.0,WIN
75.1,72.4,1.4,1.6,1.0,LOSE
77.6,76.4,1.0,0.8,0.0,WIN
75.7,77.0,1.6,0.8,0.0,DRAW
77.8,75.3,0.4,0.6,3.0,WIN
74.4,82.5,1.8,1.6,1.0,DRAW
82.7,73.9,2.6,2.0,1.0,LOSE
75.7,74.5,1.6,0.6,0.0,WIN
76.9,77.8,2.0,1.4,3.0,LOSE
79.1,74.2,1.4,1.4,3.0,WIN
76.9,75.9,1.4,1.0,1.0,DRAW
74.8,73.5,1.0,0.6,0.0,WIN
78.9,74.6,1.6,0.6,3.0,DRAW
75.6,76.3,2.0,1.2,0.0,WIN
72.4,81.2,1.6,1.2,0.0,LOSE
82.5,77.6,1.2,1.0,1.0,DRAW
75.8,78.0,0.8,1.0,0.0,WIN
76.9,75.6,1.6,0.8,0.0,LOSE
73.1,76.5,1.4,1.0,1.0,DRAW
77.8,75.5,0.8,0.4,3.0,LOSE
76.0,74.0,0.8,0.8,3.0,LOSE
71.6,76.4,1.4,0.8,0.0,LOSE
83.9,75.7,1.4,0.6,1.0,WIN
81.9,73.9,2.0,2.0,3.0,WIN
74.8,79.5,1.6,1.2,0.0,LOSE
83.3,78.5,2.0,2.6,0.0,LOSE
76.7,75.8,2.2,0.8,1.0,WIN
73.5,71.7,1.4,1.6,1.0,DRAW
74.3,73.2,2.2,0.6,3.0,WIN
74.5,82.6,2.4,1.6,3.0,LOSE
76.1,74.3,1.4,0.4,3.0,WIN
75.5,75.6,1.6,1.0,0.0,WIN
78.5,77.0,1.8,1.0,1.0,WIN
76.5,81.5,1.4,1.6,0.0,WIN
75.2,78.1,1.6,1.8,0.0,LOSE
73.2,75.1,0.8,1.4,0.0,WIN
73.7,75.4,2.2,0.8,3.0,DRAW
75.6,75.5,1.4,0.4,3.0,DRAW
73.2,81.8,1.4,2.2,0.0,LOSE
76.4,78.6,2.6,2.6,0.0,WIN
81.1,75.5,2.0,1.0,3.0,LOSE
76.1,74.5,2.0,0.0,1.0,WIN
78.1,82.8,1.2,1.6,3.0,WIN
77.4,75.1,2.0,0.8,3.0,WIN
78.9,81.1,2.4,1.0,1.0,DRAW
76.6,75.6,2.4,0.8,3.0,DRAW
76.9,73.0,1.4,0.0,0.0,WIN
81.5,76.8,1.4,1.2,0.0,DRAW
77.9,75.3,0.8,1.0,1.0,LOSE
83.1,75.5,1.4,0.2,1.0,WIN
73.9,73.0,1.6,1.2,3.0,LOSE
75.0,73.9,1.0,1.4,0.0,LOSE
76.7,78.1,0.2,1.8,3.0,LOSE
75.4,77.6,2.2,1.0,0.0,WIN
72.9,82.5,0.8,1.6,0.0,DRAW
77.3,75.0,2.0,1.4,3.0,LOSE
73.0,75.7,1.2,1.4,1.0,WIN
75.0,78.9,1.4,2.0,0.0,LOSE
73.9,74.7,2.2,0.0,3.0,WIN
78.2,78.6,0.8,1.2,0.0,LOSE
76.6,73.9,0.0,2.0,0.0,LOSE
81.1,76.5,1.4,1.4,0.0,DRAW
74.8,75.6,1.0,0.8,3.0,LOSE
75.9,73.1,2.2,0.0,3.0,LOSE
74.8,74.9,1.4,0.2,3.0,WIN
76.4,78.4,2.0,1.8,1.0,WIN
75.0,75.6,1.4,1.0,0.0,DRAW
82.4,77.7,1.4,1.0,1.0,LOSE
78.9,73.2,2.0,1.8,3.0,WIN
75.2,76.8,0.8,2.6,0.0,LOSE
78.6,74.2,1.4,0.6,3.0,WIN
71.9,82.0,1.8,1.6,0.0,LOSE
73.1,76.1,0.4,0.0,0.0,WIN
74.7,77.0,1.4,1.4,3.0,DRAW
75.8,75.4,1.6,1.0,0.0,DRAW
76.9,75.7,2.6,0.4,3.0,DRAW
79.4,78.5,1.6,2.4,1.0,DRAW
73.9,75.1,2.6,2.0,1.0,WIN
77.7,79.1,2.4,2.2,3.0,WIN
76.5,78.6,2.2,1.6,3.0,DRAW
74.4,79.3,1.0,1.6,1.0,DRAW
76.9,75.5,2.0,0.0,1.0,WIN
77.2,78.2,2.0,2.6,1.0,WIN
73.2,72.5,0.6,1.6,3.0,LOSE
75.7,73.1,0.0,0.6,3.0,WIN
81.4,75.1,1.2,1.0,3.0,WIN
75.8,73.9,1.2,2.0,0.0,LOSE
79.4,77.7,2.6,1.4,0.0,WIN
79.6,75.3,1.2,1.4,3.0,WIN
75.9,78.5,0.6,1.6,1.0,DRAW
73.0,75.8,1.0,0.6,3.0,LOSE
79.4,74.8,2.4,0.2,3.0,WIN
76.0,76.9,0.6,1.4,3.0,DRAW
74.5,77.2,1.6,1.0,0.0,WIN
75.3,73.8,1.6,0.6,1.0,LOSE
80.5,82.7,1.4,1.6,0.0,LOSE
73.9,76.8,2.6,1.0,3.0,DRAW
72.2,74.8,1.2,1.8,0.0,LOSE
79.3,75.8,1.4,0.6,3.0,DRAW
77.3,79.4,1.4,2.0,1.0,LOSE
73.9,82.1,2.0,2.0,0.0,DRAW
76.7,74.2,2.2,1.2,0.0,WIN
78.0,75.7,3.0,0.8,1.0,WIN
79.4,77.9,1.6,1.6,1.0,WIN
80.2,75.0,1.6,1.0,0.0,WIN
81.5,76.3,1.2,1.4,0.0,WIN
75.4,75.5,0.0,1.4,1.0,LOSE
71.0,82.4,1.2,2.0,3.0,LOSE
77.2,73.9,2.2,0.0,0.0,DRAW
75.8,80.2,1.0,1.6,0.0,DRAW
73.5,77.1,2.2,0.8,3.0,WIN
79.4,75.0,2.6,1.0,1.0,DRAW
75.2,75.8,1.4,1.2,0.0,DRAW
74.5,76.0,1.6,0.6,0.0,WIN
76.7,72.5,0.8,2.0,1.0,WIN
73.3,72.5,0.6,0.0,3.0,WIN
75.5,76.7,1.4,1.2,1.0,LOSE
80.2,73.0,2.0,0.6,1.0,WIN
76.7,75.5,2.0,1.8,0.0,WIN
77.3,73.5,3.0,2.4,1.0,DRAW
76.8,80.2,2.0,1.6,0.0,WIN
82.5,79.7,1.2,2.0,1.0,DRAW
73.0,80.4,1.0,0.8,3.0,LOSE
75.5,75.2,0.8,1.4,3.0,WIN
76.3,73.8,2.2,0.8,1.0,LOSE
73.0,74.5,0.0,0.2,1.0,DRAW
72.5,75.5,1.2,0.6,3.0,DRAW
75.8,83.4,1.2,2.4,0.0,WIN
73.4,76.6,2.2,1.0,3.0,WIN
79.3,76.8,2.2,1.4,3.0,LOSE
77.8,73.7,2.2,1.2,0.0,WIN
80.7,78.9,1.8,1.2,0.0,DRAW
76.2,79.2,1.6,1.2,1.0,WIN
74.0,73.7,0.8,0.6,0.0,WIN
75.8,77.2,1.2,0.4,0.0,WIN
79.4,81.6,2.2,1.8,3.0,DRAW
81.9,71.2,2.0,0.0,3.0,WIN
82.3,72.8,1.2,2.0,0.0,DRAW
78.5,73.5,0.8,0.6,1.0,WIN
75.5,79.2,1.6,1.6,3.0,WIN
76.4,74.9,2.0,0.6,0.0,WIN
76.5,75.5,1.0,1.8,1.0,WIN
74.8,80.7,2.4,1.6,0.0,DRAW
73.0,71.2,1.0,1.2,3.0,DRAW
75.5,73.5,1.2,1.8,1.0,DRAW
75.7,72.0,2.6,1.4,0.0,WIN
73.5,76.9,0.0,2.2,0,WIN
74.8,76.4,1.4,0.6,1.5,LOSE
78.4,81.9,1.4,1.6,1.0,DRAW
73.4,76.5,0.0,0.8,0,LOSE
76.2,78.5,0.0,0.8,0,DRAW
75.5,76.1,2.6,0.6,2.0,DRAW
82.5,73.0,2.0,1.4,3.0,WIN
73.4,82.8,0.8,1.2,1.5,LOSE
79.2,80.6,2.6,1.4,1.0,LOSE
83.7,77.7,0.8,1.6,0.5,WIN
83.3,76.3,2.6,2.0,1.5,WIN
78.1,82.6,1.0,1.6,1.5,LOSE
74.1,81.1,0.0,1.4,0,WIN
76.9,73.5,2.6,0.0,0,LOSE
81.0,74.7,1.6,0.4,3.0,WIN
76.1,83.5,1.0,1.4,1.0,LOSE
76.4,78.4,0.8,0.4,1.5,LOSE
78.1,81.5,2.6,1.4,0.0,DRAW
72.6,74.8,1.6,0.0,0,LOSE
77.1,73.5,1.6,1.2,1.5,WIN
81.2,81.3,2.0,1.4,1.0,DRAW
76.6,82.2,1.0,1.4,0.0,LOSE
77.7,76.9,2.2,1.4,3.0,WIN
76.4,75.0,2.6,1.2,2.0,DRAW
83.7,74.1,1.2,0.0,0,WIN
76.6,73.5,1.4,0.6,0.5,DRAW
79.2,77.4,1.6,0.8,1.5,WIN
73.5,83.3,3.0,1.8,0,LOSE
74.4,74.9,0.2,3.0,0,DRAW
83.0,76.7,2.0,1.0,0.5,WIN
82.9,82.3,2.6,1.6,2.0,LOSE
75.5,76.4,1.0,0.2,0,LOSE
78.1,81.4,1.0,1.2,0.5,LOSE
82.8,77.5,2.0,1.4,0.5,WIN
73.4,74.4,0.2,1.0,2.0,WIN
74.1,73.5,1.5,3.0,0,DRAW
78.1,76.7,2.0,0.8,1.5,LOSE
81.1,77.7,2.2,1.6,1.5,WIN
77.1,83.7,2.0,1.4,2.0,DRAW
74.5,80.7,1.4,0.8,1.5,LOSE
83.7,81.5,1.6,1.0,0.5,LOSE
73.5,82.8,1.5,1.4,0,LOSE
78.2,74.0,2.2,0.0,0,WIN
82.3,73.9,2.6,0.8,3.0,WIN
75.6,78.5,0.4,0.8,0.5,WIN
80.7,76.1,2.2,2.0,0,WIN
76.7,82.8,1.0,1.8,0.0,WIN
76.5,78.4,1.6,0.2,3.0,WIN
77.5,77.1,2.2,1.2,3.0,WIN
81.4,75.9,1.6,1.2,3.0,WIN
77.3,83.6,1.6,1.6,0.5,LOSE
82.9,78.2,2.0,1.0,1.0,WIN
76.5,81.1,0.5,1.6,0,LOSE
77.7,76.5,0.8,1.0,0.0,DRAW
76.0,76.2,1.4,0.6,2.0,LOSE
81.4,74.5,2.2,2.0,0,WIN
74.2,79.7,0.8,1.2,0.5,WIN
82.8,84.0,2.4,1.6,0.0,WIN
79.3,77.4,1.8,1.4,1.5,LOSE
73.8,77.0,1.3333333333333333,0.8,0,WIN
79.4,76.1,2.6,1.2,1.0,DRAW
77.3,81.6,1.0,1.6,1.5,LOSE
74.9,76.5,1.2,1.2,0.5,DRAW
74.5,83.0,1.0,1.0,0,LOSE
77.5,74.2,1.4,0.2,1.0,DRAW
78.2,75.2,1.2,1.3333333333333333,0,DRAW
82.9,77.7,2.0,0.2,1.5,DRAW
78.3,77.4,2.6,1.8,2.0,DRAW
81.5,82.4,1.6,2.0,3.0,WIN
73.8,83.1,1.75,1.8,0,LOSE
82.8,76.6,1.6,0.4,0.5,WIN
83.1,77.1,2.4,1.2,1.5,WIN
74.2,73.6,1.4,1.3333333333333333,0,WIN
82.3,79.1,2.6,1.2,2.0,DRAW
77.4,74.9,1.0,0.6,0.5,WIN
76.5,81.5,1.0,1.6,1.0,DRAW
76.1,78.8,1.6,0.6,0.5,LOSE
76.3,77.1,0.3333333333333333,0.8,0,LOSE
76.7,73.8,2.2,0.0,0,WIN
81.8,82.5,2.2,1.8,0.0,DRAW
74.2,81.0,2.0,1.6,0.0,DRAW
78.3,75.2,1.4,0.4,2.0,WIN
75.8,76.9,0.4,1.4,1.5,DRAW
77.7,76.4,2.2,1.4,3.0,WIN
73.9,77.4,0.75,0.4,0,LOSE
73.1,79.7,1.4,1.4,0,WIN
82.0,76.6,2.4,1.25,0,DRAW
81.6,76.2,2.2,1.2,1.0,WIN
83.5,76.3,2.2,1.4,1.5,DRAW
82.8,82.4,2.0,1.4,1.0,WIN
75.1,81.6,0.8,2.2,0.5,LOSE
80.7,77.5,2.0,0.2,0.5,DRAW
77.4,73.9,1.0,1.0,0,WIN
75.6,82.9,1.2,2.0,0.0,LOSE
76.5,74.5,0.25,0.4,0,WIN
82.3,73.5,2.0,0.0,0,DRAW
76.4,81.4,1.4,2.0,1.5,LOSE
79.2,78.0,2.2,0.6,0.5,WIN
77.7,82.8,2.2,1.6,1.5,LOSE
77.3,76.2,1.4,1.2,2.0,WIN
73.6,74.5,2.0,0.2,2.0,LOSE
74.0,76.8,2.0,1.4,0,WIN
83.1,76.4,2.2,1.2,0,DRAW
78.5,75.6,1.4,1.0,0.5,DRAW
82.8,79.3,2.4,1.4,0.5,WIN
82.6,81.2,2.0,1.8,1.0,DRAW
81.5,77.4,2.2,1.6,1.5,WIN
73.9,77.8,0.6,1.0,0,WIN
76.4,82.5,0.4,1.4,1.5,LOSE
77.6,75.7,2.2,1.0,2.0,LOSE
81.8,82.4,1.6,2.6,1.5,DRAW
77.5,81.5,1.6,2.0,2.0,DRAW
77.6,73.9,1.4,0.4,3.0,LOSE
74.4,73.8,0.2,0.8,0,WIN
77.2,77.6,1.4,0.2,0.0,WIN
80.5,76.1,2.2,0.6,0.5,DRAW
76.1,83.8,0.8,2.4,0.0,LOSE
80.1,78.3,2.2,0.6,1.5,WIN
76.8,82.8,0.8,2.0,0,LOSE
75.7,73.9,1.0,0.25,0,WIN
73.1,82.5,2.0,2.4,0,LOSE
73.8,75.7,0.6,1.0,0,DRAW
76.1,75.8,0.4,1.4,1.0,WIN
81.5,74.5,2.6,0.8,2.0,WIN
77.5,76.8,2.0,0.8,0,DRAW
82.8,81.2,2.4,1.8,1.0,WIN
77.4,76.8,2.0,1.0,1.5,LOSE
82.7,72.2,2.2,1.0,3.0,WIN
75.8,80.5,1.6,0.8,0.5,WIN
82.2,77.7,1.2,0.6,0.5,DRAW
74.7,78.1,0.8,0.2,0.0,WIN
83.2,83.0,1.8,2.0,3.0,LOSE
75.8,77.4,0.8,1.0,1.5,WIN
76.8,72.4,1.4,0.2,0,WIN
81.3,75.9,2.2,0.2,2.0,WIN
75.7,76.8,1.6,1.4,0.5,WIN
76.5,83.1,1.0,2.6,2.0,LOSE
74.0,80.7,2.0,2.2,0.0,WIN
79.9,83.2,2.2,1.4,0.0,DRAW
76.5,74.6,0.6,0.2,0,WIN
76.3,80.3,2.0,0.2,1.0,WIN
74.3,75.5,0.8,0.8,0,DRAW
75.5,75.3,0.8,0.6,0.5,WIN
83.1,77.1,2.2,1.6,2.0,WIN
73.8,73.5,1.8,0.8,0,WIN
78.1,81.8,1.6,2.4,2.0,WIN
82.8,75.7,2.4,1.2,2.0,WIN
83.2,82.0,1.4,1.2,1.5,WIN
76.5,75.2,2.0,0.8,0,WIN
81.2,78.5,2.6,0.8,0.0,DRAW
74.1,78.3,2.0,0.2,1.0,WIN
80.4,82.8,1.8,2.6,0.0,WIN
76.5,80.5,1.2,2.0,0,LOSE
75.7,82.6,1.4,2.4,1.5,LOSE
78.3,73.5,1.0,0.2,0,WIN
75.5,83.4,1.2,1.0,0.5,LOSE
76.5,75.7,2.0,0.2,0.5,WIN
83.5,75.1,1.2,0.8,3.0,WIN
77.1,77.6,2.0,1.0,1.5,DRAW
81.8,74.3,2.6,0.0,0,WIN
75.8,83.0,0.6,3.0,1.5,LOSE
76.5,75.5,1.2,0.2,0,WIN
78.3,75.0,1.6,0.0,0,WIN
76.9,78.2,2.0,0.2,0.5,DRAW
74.3,76.8,1.4,0.8,0.5,WIN
75.7,82.5,2.0,1.6,1.5,LOSE
74.3,75.8,2.0,0.6,1.5,LOSE
82.5,82.3,1.2,2.0,0.5,WIN
80.3,73.3,2.6,0.2,0,WIN
79.9,80.5,1.8,2.0,0.5,LOSE
74.9,78.7,1.6,0.2,3.0,LOSE
76.4,75.8,2.0,0.4,1.5,DRAW
75.1,78.5,1.4,1.0,2.0,LOSE
82.7,75.3,1.4,0.6,1.5,WIN
82.3,76.0,2.2,1.0,1.5,WIN
73.1,76.3,1.8,0.8,0,WIN
83.6,73.5,3.0,0.8,1.5,WIN
75.0,83.1,1.0,1.8,0,LOSE
80.5,76.4,2.2,1.6,3.0,WIN
77.5,81.5,2.0,0.6,1.5,LOSE
75.0,80.5,1.0,0.6,0,DRAW
76.4,78.5,1.4,1.0,2.0,WIN
83.6,76.1,1.8,0.6,0,WIN
73.9,75.5,2.4,0.6,0,WIN
83.2,76.9,3.0,1.4,0.5,WIN
75.5,74.8,1.4,0.8,2.0,LOSE
76.6,74.2,1.4,0.6,0.5,LOSE
80.5,83.5,2.6,2.4,3.0,WIN
76.3,80.8,2.0,1.0,0.0,LOSE
81.4,75.9,2.2,0.4,2.0,WIN
76.5,75.2,1.6,1.0,1.3333333333333333,WIN
81.9,73.4,1.6,0.2,3.0,WIN
75.9,77.2,1.8,0.4,1.0,DRAW
75.8,74.6,1.8,0.0,1.0,WIN
74.3,80.8,1.8,2.0,0.3333333333333333,DRAW
78.4,82.7,2.0,2.0,1.6666666666666667,LOSE
73.3,82.4,1.4,1.4,0.0,DRAW
75.5,75.9,0.6,0.2,0.6666666666666666,LOSE
76.5,76.0,1.6,0.2,2.0,WIN
82.0,82.8,2.6,3.0,0.6666666666666666,WIN
82.0,75.5,3.0,1.4,1.0,WIN
76.5,75.5,1.4,0.4,3.0,DRAW
74.3,77.1,2.0,0.8,1.3333333333333333,LOSE
76.5,83.0,1.2,1.0,1.0,LOSE
73.7,73.9,1.2,1.2,0.0,WIN
73.9,76.3,2.4,0.8,0.0,WIN
77.6,75.9,1.4,0.4,2.3333333333333335,WIN
76.9,82.7,1.4,2.4,1.3333333333333333,LOSE
83.2,79.0,2.2,1.6,2.3333333333333335,DRAW
77.2,83.6,1.6,1.8,0.6666666666666666,WIN
80.7,76.6,2.6,0.8,2.0,LOSE
76.2,77.4,1.4,1.0,1.0,LOSE
73.9,76.5,1.4,0.0,1.0,DRAW
75.7,77.2,0.6,0.8,1.0,LOSE
77.1,83.6,1.6,2.6,1.3333333333333333,DRAW
75.6,73.8,2.4,0.6,1.6666666666666667,WIN
83.5,81.6,2.0,1.4,0.0,DRAW
76.3,77.2,1.4,0.4,0.6666666666666666,WIN
83.0,73.9,2.6,0.0,3.0,WIN
82.8,73.4,3.0,0.0,3.0,WIN
82.7,76.2,3.0,0.2,3.0,LOSE
73.2,76.1,1.6,0.4,1.6666666666666667,LOSE
74.3,77.8,2.4,0.4,0.0,WIN
76.6,75.6,1.4,0.8,1.0,DRAW
74.8,80.7,1.4,1.4,0.0,DRAW
76.6,75.1,1.2,0.8,0.0,WIN
81.1,83.0,2.0,2.4,2.3333333333333335,DRAW
77.6,82.4,1.8,1.2,1.3333333333333333,LOSE
82.7,71.6,2.2,0.0,3.0,DRAW
76.5,77.4,1.8,1.4,1.0,DRAW
82.8,82.2,3.0,1.4,2.0,WIN
76.1,74.8,0.6,0.0,1.3333333333333333,LOSE
80.8,74.1,2.0,0.6,1.3333333333333333,WIN
73.1,81.1,1.2,1.6,0.0,WIN
76.3,73.6,1.0,0.0,0.0,WIN
75.2,76.5,2.4,1.2,2.3333333333333335,WIN
75.3,77.8,1.8,1.6,2.0,LOSE
81.3,76.5,3.0,0.4,3.0,WIN
82.0,76.6,2.0,1.2,2.3333333333333335,WIN
78.5,83.5,1.4,2.2,0.6666666666666666,LOSE
82.0,73.0,2.4,0.2,3.0,WIN
84.2,76.0,2.2,0.8,2.0,WIN
76.3,78.5,1.0,1.6,0.0,DRAW
75.7,75.7,1.4,1.0,0.0,WIN
75.0,74.9,1.0,0.8,0.6666666666666666,LOSE
77.9,75.2,1.8,0.8,1.3333333333333333,DRAW
81.1,81.3,1.6,1.6,1.0,WIN
74.2,82.8,3.0,2.0,0.0,DRAW
76.7,77.8,1.2,0.4,0.0,WIN
74.1,82.2,1.0,1.2,0.0,LOSE
83.0,76.6,3.0,1.2,0.6666666666666666,WIN
76.6,76.3,0.0,0.2,3.0,WIN
78.5,75.3,2.4,0.6,2.0,WIN
74.2,74.2,1.6,0.0,1.0,DRAW
75.6,74.0,2.4,0.6,0.3333333333333333,WIN
76.4,77.9,1.6,2.0,2.0,DRAW
81.8,75.7,3.0,0.6,2.3333333333333335,WIN
78.4,81.0,1.2,1.6,1.0,WIN
83.2,73.3,2.2,0.6,2.0,DRAW
78.4,73.5,1.2,0.2,0.0,WIN
76.2,75.9,1.8,0.2,1.0,WIN
76.9,73.1,1.2,0.2,3.0,WIN
76.5,74.9,1.2,1.2,0.6666666666666666,LOSE
75.6,76.6,2.4,0.8,2.0,LOSE
80.9,81.3,2.0,0.8,1.6666666666666667,WIN
81.8,78.5,3.0,1.8,1.0,WIN
75.3,81.8,1.0,1.8,0.0,LOSE
78.0,83.0,1.4,1.6,1.3333333333333333,LOSE
82.3,75.4,2.6,0.6,2.0,DRAW
73.2,78.0,0.4,2.0,1.0,WIN
79.2,75.4,2.4,1.0,2.0,WIN
73.1,76.7,1.6,1.2,3.0,WIN
80.6,73.6,2.0,0.2,0.0,WIN
75.5,82.6,2.4,0.8,1.0,WIN
77.6,78.0,0.8,0.4,0.3333333333333333,LOSE
75.2,73.6,0.4,0.2,0.0,DRAW
75.7,82.5,2.2,1.6,1.3333333333333333,LOSE
77.4,73.4,3.0,0.2,1.0,WIN
76.2,76.2,0.6,0.8,1.3333333333333333,WIN
73.2,76.4,1.0,1.2,2.3333333333333335,WIN
76.7,80.7,1.2,2.6,0.0,LOSE
81.2,74.9,3.0,1.2,2.0,WIN
82.8,80.9,2.2,1.0,0.0,DRAW
81.0,74.2,2.0,1.2,2.3333333333333335,WIN
73.6,79.5,2.6,1.6,0.0,LOSE
83.7,76.2,3.0,1.2,2.0,LOSE
73.8,77.5,2.2,1.4,0.0,WIN
77.5,76.1,1.8,0.8,1.6666666666666667,WIN
80.5,74.4,1.8,1.0,2.0,DRAW
76.3,75.3,1.0,0.6,1.3333333333333333,WIN
75.0,73.2,1.2,0.8,2.0,DRAW
76.8,77.5,1.8,0.2,0.0,DRAW
82.7,82.5,2.4,1.8,1.3333333333333333,DRAW
74.5,76.7,2.0,0.8,0.0,WIN
76.4,74.4,1.6,0.6,1.3333333333333333,WIN
77.5,75.1,1.8,0.6,2.0,WIN
81.1,77.3,1.4,1.0,2.3333333333333335,DRAW
82.5,77.4,2.0,1.4,1.3333333333333333,WIN
73.5,76.2,2.6,0.4,0.0,WIN
76.5,80.6,2.0,1.6,0.3333333333333333,LOSE
73.5,75.9,0.8,1.8,1.0,WIN
83.4,82.2,2.4,2.0,1.0,WIN
80.4,74.0,2.6,0.4,2.0,DRAW
80.8,75.7,3.0,0.8,3.0,WIN
77.1,77.4,1.6,0.6,0.0,LOSE
76.1,75.0,2.4,1.2,1.3333333333333333,LOSE
77.3,76.5,0.8,0.6,1.3333333333333333,WIN
75.5,73.9,0.6,0.4,0.0,DRAW
81.8,73.8,1.8,0.2,3.0,WIN
74.1,82.8,1.4,2.2,1.0,LOSE
74.9,82.0,0.4,2.6,1.0,LOSE
75.7,75.4,3.0,0.8,1.0,WIN
75.9,82.5,1.2,0.8,0.3333333333333333,WIN
81.7,73.9,3.0,0.6,2.3333333333333335,WIN
77.0,73.6,1.4,0.2,3.0,WIN
75.4,76.6,0.4,0.8,0.3333333333333333,DRAW
76.5,76.4,2.0,0.0,1.3333333333333333,WIN
77.5,73.7,3.0,0.6,0.0,WIN
75.9,77.6,1.8,0.6,0.0,DRAW
74.9,83.8,1.4,2.0,1.3333333333333333,LOSE
74.6,80.7,1.8,1.0,0.6666666666666666,LOSE
80.8,82.4,1.4,2.2,0.6666666666666666,WIN
75.5,82.1,0.6,0.6,1.0,LOSE
73.2,75.7,1.2,0.2,0.0,WIN
73.4,76.7,2.6,0.8,0.0,WIN
76.0,78.5,2.0,0.2,0.3333333333333333,WIN
77.6,77.5,0.8,0.6,1.3333333333333333,DRAW
73.9,81.7,2.0,2.6,1.0,LOSE
80.7,75.3,2.6,1.8,2.0,LOSE
83.1,75.5,2.4,1.8,2.0,WIN
82.8,77.7,2.0,0.8,2.3333333333333335,WIN
74.6,75.4,0.6,0.6,3.0,WIN
75.7,81.8,2.0,1.6,0.0,LOSE
83.5,81.4,1.8,2.6,1.3333333333333333,DRAW
75.4,73.4,1.4,0.0,0.0,DRAW
78.7,77.6,1.8,0.4,1.6666666666666667,DRAW
74.3,73.0,0.4,0.6,1.3333333333333333,LOSE
76.0,78.0,1.2,0.8,1.3333333333333333,LOSE
75.5,73.2,2.0,0.4,0.0,LOSE
81.0,76.2,1.8,0.0,2.0,DRAW
75.4,82.8,3.0,2.0,1.3333333333333333,LOSE
74.6,81.3,1.0,2.0,1.0,DRAW
81.0,83.2,3.0,0.6,1.0,WIN
76.3,80.7,2.0,1.4,1.0,LOSE
78.0,81.4,1.0,2.0,1.0,WIN
83.1,75.0,1.8,1.8,3.0,WIN
72.3,78.9,1.8,0.2,1.0,DRAW
72.4,74.0,1.4,0.6,0.0,DRAW
73.5,73.4,2.6,0.6,0.0,LOSE
78.0,76.4,2.4,0.6,2.0,WIN
77.0,75.7,2.0,0.6,1.6666666666666667,WIN
80.7,75.5,2.0,1.8,0.6666666666666666,DRAW
81.8,81.4,2.0,2.6,1.3333333333333333,WIN
83.7,75.1,2.4,0.2,3.0,WIN
74.9,81.6,1.0,0.6,1.3333333333333333,LOSE
77.5,76.4,2.4,0.0,0.6666666666666666,WIN
74.3,83.7,0.6,2.4,0.3333333333333333,LOSE
83.1,76.9,1.8,1.4,0.3333333333333333,WIN
72.3,72.4,2.0,1.0,0.0,WIN
74.5,77.1,1.0,1.4,0.0,LOSE
74.8,77.0,0.4,0.2,1.3333333333333333,LOSE
78.9,82.3,1.4,1.2,0.3333333333333333,LOSE
75.3,73.6,1.4,0.2,1.0,WIN
77.4,81.1,1.4,2.0,2.3333333333333335,LOSE
81.0,80.6,3.0,2.0,1.0,WIN
79.5,76.5,2.4,0.0,1.6666666666666667,WIN
82.0,74.9,2.6,0.6,2.3333333333333335,WIN
83.7,75.9,2.2,0.6,3.0,WIN
73.9,80.4,1.0,1.4,1.0,DRAW
77.2,81.1,3.0,1.8,1.6666666666666667,LOSE
81.9,77.0,2.6,0.4,2.0,WIN
73.1,77.5,1.0,0.4,0.0,LOSE
83.3,74.5,2.4,0.6,2.0,WIN
71.3,81.0,2.4,2.4,0.0,LOSE
77.5,71.3,2.4,1.2,0.6666666666666666,DRAW
81.4,73.0,1.6,0.2,3.0,WIN
80.8,74.9,1.4,1.8,2.3333333333333335,WIN
75.1,77.7,1.0,0.4,1.3333333333333333,LOSE
76.4,75.6,2.0,0.4,1.3333333333333333,WIN
74.8,83.8,1.8,1.6,0.0,LOSE
80.8,77.8,3.0,0.8,2.5,WIN
77.2,80.5,1.8,2.6,0.75,DRAW
75.1,75.8,0.6,1.2,1.0,WIN
77.0,75.5,0.4,0.8,2.25,DRAW
82.4,76.6,3.0,1.0,2.0,LOSE
75.5,73.3,1.4,0.0,0,LOSE
79.5,77.9,2.4,0.8,1.75,WIN
74.5,84.7,0.0,1.6,0,LOSE
74.5,82.3,2.2,2.4,3.0,LOSE
84.0,77.7,1.8,1.0,1.25,WIN
75.8,84.0,2.0,1.0,1.0,LOSE
76.9,77.3,0.6,1.0,1.5,WIN
75.5,76.7,2.0,0.0,1.0,LOSE
76.6,75.2,0.8,0.4,0.5,LOSE
77.8,74.5,2.0,0.0,0,WIN
79.8,75.4,1.6,1.2,1.5,WIN
78.0,82.3,0.8,1.8,0.25,WIN
73.1,74.5,0.0,0.4,0,WIN
83.8,82.7,3.0,2.4,1.25,LOSE
85.2,78.4,2.6,0.4,1.25,DRAW
75.9,84.5,1.4,2.0,0.0,LOSE
75.5,75.0,0.8,1.0,0.5,LOSE
74.5,75.9,2.0,1.0,1.5,WIN
76.5,75.0,1.4,0.0,0,DRAW
73.1,76.9,3.0,1.4,0,DRAW
84.1,77.8,2.2,0.8,2.0,WIN
83.3,78.8,2.4,0.6,1.75,WIN
76.5,78.0,0.6,0.8,2.5,DRAW
83.5,76.5,2.4,1.4,3.0,DRAW
80.3,81.9,1.6,1.8,2.0,WIN
84.1,80.3,2.2,2.6,0.25,WIN
77.2,76.5,1.0,0.6,2.0,LOSE
78.2,83.1,2.0,2.4,1.0,LOSE
82.7,75.6,3.0,1.0,2.5,WIN
75.0,77.3,0.0,0.8,0,WIN
79.6,83.3,2.4,2.4,0.75,LOSE
77.8,83.9,1.4,1.0,1.25,DRAW
76.6,75.0,0.8,0.6,3.0,WIN
75.2,73.9,1.8,0.4,1.5,LOSE
78.2,73.1,1.4,3.0,0,WIN
76.1,74.5,1.4,0.5,0,WIN
75.3,77.2,0.6,1.6,1.5,LOSE
72.6,77.5,2.0,0.6,0,DRAW
80.1,75.6,2.0,1.4,1.5,DRAW
74.1,78.0,2.0,1.0,0.5,WIN
76.5,84.6,1.0,2.6,0.0,LOSE
77.0,78.2,0.8,0.8,1.25,DRAW
83.3,74.8,2.0,1.6,2.5,DRAW
83.4,81.9,2.4,1.2,2.25,DRAW
83.0,79.4,2.6,0.4,2.0,WIN
78.6,83.5,2.0,2.4,1.5,LOSE
77.3,82.6,1.6,2.4,1.0,LOSE
75.5,76.4,1.8,1.2,1.0,LOSE
77.2,83.0,1.0,1.0,1.0,LOSE
84.3,76.1,2.6,0.6,3.0,WIN
75.7,72.9,0.8,1.5,0,DRAW
78.2,75.8,1.8,0.8,1.75,WIN
77.6,80.5,1.4,2.0,1.5,LOSE
75.0,74.1,1.5,1.0,0,WIN
82.7,76.6,3.0,0.8,1.5,WIN
73.5,83.0,1.6666666666666667,3.0,0,LOSE
82.7,74.6,2.6,0.0,2.5,WIN
77.6,77.7,1.0,1.6,1.75,WIN
77.2,76.5,1.0,1.8,1.0,DRAW
78.3,75.5,1.4,1.8,1.75,WIN
75.9,77.4,1.4,0.8,1.5,DRAW
83.6,84.1,2.0,2.6,1.5,LOSE
81.5,75.0,3.0,0.3333333333333333,0,WIN
78.5,75.7,1.8,1.6,1.5,LOSE
74.7,80.7,2.4,2.0,2.0,DRAW
80.5,82.8,2.2,1.6,0.5,DRAW
75.7,79.0,1.0,0.8,0.0,DRAW
76.2,83.7,0.6,3.0,1.5,WIN
84.1,76.3,2.6,1.0,1.75,WIN
75.5,72.4,1.2,1.3333333333333333,0,WIN
83.0,75.5,1.6,0.8,2.5,WIN
76.6,81.3,0.4,1.4,0.75,WIN
75.1,79.1,2.0,0.2,0,DRAW
77.9,74.5,0.8,1.0,2.0,DRAW
78.8,76.9,0.8,0.6,1.75,DRAW
79.1,75.5,1.8,0.25,0,LOSE
73.7,82.6,1.25,1.8,0,WIN
84.5,75.7,2.6,1.6,3.0,WIN
74.5,76.2,2.0,0.0,1.5,WIN
77.3,74.5,1.4,0.2,1.75,LOSE
75.3,79.0,1.2,0.4,0.75,LOSE
77.9,77.5,1.0,0.8,1.75,WIN
84.1,76.7,1.4,2.0,2.0,WIN
78.6,83.3,1.8,0.8,0.75,LOSE
82.9,80.3,1.6,1.6,0.75,WIN
83.2,82.3,3.0,3.0,1.5,WIN
83.3,75.2,3.0,1.6,2.25,WIN
75.6,77.6,1.2,0.4,0.25,DRAW
77.6,84.4,1.2,3.0,0.0,LOSE
76.6,77.8,1.0,0.8,0.75,LOSE
80.0,73.5,2.2,1.0,0,WIN
75.9,83.7,1.4,2.4,0.75,LOSE
75.5,78.5,1.75,1.6,0,DRAW
78.3,77.5,1.0,0.4,1.5,WIN
75.7,74.7,1.0,1.0,0,WIN
77.8,78.8,1.4,1.0,0.5,DRAW
73.4,76.8,1.6,0.8,0,WIN
74.6,75.9,2.0,0.6,1.5,LOSE
78.2,75.8,1.4,1.6,1.5,LOSE
75.4,75.5,0.6,0.8,0,LOSE
77.5,80.0,1.2,1.0,1.75,LOSE
80.5,76.2,1.6,0.0,3.0,WIN
84.3,82.3,2.6,0.8,1.25,WIN
83.4,83.2,1.4,1.6,1.25,WIN
76.9,76.5,1.2,2.0,1.25,WIN
83.5,83.0,3.0,2.4,0.75,WIN
77.5,83.4,1.2,2.4,0.25,LOSE
80.5,78.1,2.2,1.6,0.75,WIN
75.7,75.4,1.6,1.0,0.0,WIN
76.2,77.5,0.8,0.4,0.75,DRAW
78.8,84.1,1.4,3.0,1.75,LOSE
75.9,72.5,0.8,0.8,0,WIN
82.9,74.3,3.0,0.8,1.0,WIN
75.9,78.2,1.0,0.6,1.75,WIN
75.5,77.1,1.6,0.8,0,DRAW
78.2,78.8,1.2,1.2,0.25,DRAW
82.4,76.3,2.2,0.2,1.5,DRAW
76.0,75.6,0.6,1.2,0.25,DRAW
74.5,75.9,2.0,1.4,0.0,LOSE
82.9,75.0,3.0,1.4,0,WIN
76.1,77.1,1.0,1.0,2.25,WIN
79.9,82.9,2.2,2.4,2.0,DRAW
78.0,78.4,0.8,0.4,1.0,WIN
75.7,82.6,2.2,0.8,0.0,LOSE
73.3,84.7,1.6,3.0,0,LOSE
78.5,83.4,0.8,1.8,1.25,WIN
75.6,76.5,1.8,0.0,0,DRAW
76.1,82.5,1.4,1.0,0.75,LOSE
75.5,74.1,0.6,0.8,1.5,DRAW
75.9,75.4,1.4,1.6,1.5,LOSE
83.5,73.1,3.0,0.2,0,WIN
82.8,76.0,2.0,0.8,1.25,WIN
75.7,78.3,1.2,0.6,1.25,WIN
84.9,77.4,3.0,1.0,1.75,WIN
77.2,78.9,1.0,1.4,0.0,LOSE
83.3,74.6,2.0,0.4,2.0,WIN
75.7,73.0,1.8,0.2,0,WIN
78.4,75.4,1.4,2.0,1.5,WIN
77.9,75.4,0.8,0.2,1.75,WIN
76.6,83.1,1.2,1.2,0.0,DRAW
75.6,75.9,0.6,0.2,1.5,DRAW
74.9,80.1,1.4,2.0,0,LOSE
83.5,82.5,3.0,1.4,1.75,LOSE
75.9,78.2,1.4,0.8,1.0,DRAW
83.5,75.7,3.0,0.6,1.75,WIN
78.2,83.4,0.8,2.0,1.0,WIN
82.5,76.5,2.2,0.8,2.5,WIN
75.9,75.5,0.8,0.4,1.75,WIN
74.5,76.7,1.6,1.4,1.5,WIN
76.6,76.2,1.6,1.4,1.25,DRAW
73.6,74.9,1.4,1.2,0,WIN
74.3,78.4,1.4,1.4,0.0,LOSE
77.5,83.3,1.4,1.4,1.0,DRAW
78.3,75.6,1.8,0.4,2.5,DRAW
82.5,84.5,3.0,3.0,1.25,LOSE
74.5,77.4,2.0,0.8,1.5,WIN
73.9,83.5,1.8,1.4,0,LOSE
76.3,76.8,1.8,0.8,1.75,WIN
76.0,84.0,1.4,3.0,0.25,LOSE
75.0,76.5,0.8,0.6,0.0,LOSE
78.1,77.5,1.6,1.8,1.25,LOSE
81.0,75.5,2.4,1.6,1.75,WIN
78.2,81.3,1.4,1.4,1.0,DRAW
80.1,76.5,1.8,0.4,2.0,DRAW
81.9,75.1,2.6,1.2,0,WIN
78.4,75.9,2.0,0.4,2.5,LOSE
81.5,74.0,2.4,0.4,3.0,WIN
75.0,74.9,0.8,1.8,0,DRAW
83.5,76.6,2.4,0.4,2.25,WIN
76.8,73.0,1.4,0.0,0,LOSE
77.2,77.9,1.4,0.4,1.5,LOSE
83.9,82.7,3.0,0.8,0.25,WIN
76.6,82.5,0.6,1.4,1.0,LOSE
75.7,79.7,1.0,2.0,1.0,LOSE
76.5,76.4,1.8,0.0,0.5,WIN
81.5,80.0,2.4,2.4,0.4,DRAW
76.8,83.5,2.4,2.0,0.8,DRAW
75.5,75.5,0.8,1.0,2.2,DRAW
78.0,74.4,1.0,0.2,1.0,LOSE
74.6,76.8,0.8,0.6,1.0,WIN
76.3,76.1,0.8,0.4,0.4,WIN
75.9,72.7,1.4,0.6,1.0,DRAW
84.7,73.7,3.0,1.6,3.0,WIN
74.5,82.8,2.4,0.2,0.3333333333333333,LOSE
78.8,82.5,1.8,1.8,0.4,DRAW
83.5,75.6,2.6,0.4,2.25,WIN
75.2,77.9,0.8,0.8,1.5,DRAW
83.5,74.8,3.0,1.2,0,WIN
73.4,76.3,1.8,0.8,0,DRAW
83.3,74.4,2.4,1.4,2.0,DRAW
76.4,77.8,0.8,2.2,0.75,WIN
76.7,75.7,0.4,1.0,0.75,DRAW
80.0,75.1,1.8,0.0,1.5,WIN
73.4,84.9,0.6,3.0,0.5,LOSE
76.0,82.9,1.8,1.6,1.0,LOSE
75.2,77.3,1.0,1.2,0.8,WIN
82.6,73.5,3.0,0.4,2.0,WIN
73.0,74.4,1.4,1.6,1.0,DRAW
80.3,78.8,1.8,1.6,1.8,WIN
73.8,75.0,0.0,0.6,0.0,DRAW
76.1,75.5,1.4,0.0,2.0,LOSE
82.5,75.5,2.0,0.2,2.0,DRAW
76.5,84.0,1.6,3.0,0.0,DRAW
75.9,82.1,0.6,1.6,1.2,DRAW
75.5,75.1,1.2,1.0,0.0,DRAW
74.8,77.7,1.8,2.6,1.3333333333333333,LOSE
77.8,72.8,1.4,0.8,1.0,WIN
75.7,74.1,1.4,0.8,1.3333333333333333,LOSE
77.1,82.4,2.6,2.0,0.4,LOSE
78.1,77.0,1.0,0.4,1.2,WIN
76.4,75.9,1.0,1.2,1.8,LOSE
74.9,82.1,1.0,0.8,0.4,LOSE
84.3,76.1,3.0,0.6,3.0,WIN
80.6,83.5,2.0,1.6,0.8,DRAW
82.8,77.0,2.6,0.8,1.8,DRAW
83.5,77.4,3.0,1.4,2.0,DRAW
75.1,75.1,1.6,1.2,0.0,WIN
72.7,77.7,1.0,1.0,0.0,LOSE
74.0,73.6,0.2,0.6,2.0,DRAW
76.1,76.5,0.8,0.4,1.0,DRAW
77.2,75.5,0.8,0.2,0.0,WIN
83.3,77.1,2.2,1.0,1.8,WIN
75.0,79.1,1.0,1.8,0.2,WIN
79.9,84.1,1.8,2.6,2.0,WIN
83.1,75.0,1.6,0.2,1.2,WIN
74.4,82.2,1.2,1.2,0.0,LOSE
82.0,75.5,1.6,1.8,2.0,WIN
74.8,83.0,1.2,2.6,0.6666666666666666,LOSE
77.0,77.2,2.0,0.4,2.0,DRAW
77.4,76.8,2.0,0.6,1.8,WIN
77.0,73.8,1.2,0.8,1.0,WIN
77.7,75.0,1.6,0.6,1.4,DRAW
83.7,73.6,3.0,1.4,2.3333333333333335,WIN
76.8,81.5,1.0,1.4,0.6,DRAW
75.5,80.2,1.0,2.6,1.2,WIN
76.5,75.5,1.6,1.6,2.2,DRAW
75.5,82.1,1.4,1.2,0.6,WIN
73.8,79.9,1.0,2.0,0.0,LOSE
83.3,75.1,2.6,0.6,2.4,LOSE
76.5,75.1,0.6,0.2,1.0,DRAW
73.6,73.9,0.4,0.6,0.0,DRAW
78.6,76.6,1.6,1.4,1.2,WIN
84.7,76.0,3.0,0.4,3.0,WIN
83.1,83.5,2.6,2.6,1.2,WIN
77.0,77.4,1.8,0.0,2.4,DRAW
74.5,84.9,1.2,2.0,0.0,DRAW
75.1,76.8,1.6,0.2,1.4,WIN
75.5,76.5,1.0,1.6,3.0,WIN
78.4,75.5,2.0,0.8,2.4,DRAW
81.5,71.9,1.6,0.8,0.0,WIN
77.2,76.7,1.2,0.6,0.8,LOSE
82.8,77.5,1.6,1.0,2.4,WIN
76.1,73.6,1.6,1.2,1.0,DRAW
80.0,83.1,2.2,1.6,1.2,DRAW
77.5,83.6,1.0,1.6,0.4,WIN
83.1,82.8,2.6,1.0,1.2,WIN
78.5,75.9,1.6,1.6,1.4,WIN
77.2,75.1,1.4,0.4,1.0,DRAW
75.2,74.9,1.4,0.8,2.0,WIN
78.6,77.5,1.2,0.2,0.8,WIN
84.5,77.5,3.0,0.8,1.4,WIN
73.8,75.1,0.4,1.0,0.0,WIN
74.5,83.5,0.6,2.0,0.6666666666666666,WIN
76.4,80.3,0.6,2.0,1.2,LOSE
83.5,77.6,2.0,0.4,2.6,WIN
77.2,76.9,1.6,0.2,1.8,DRAW
75.5,74.5,2.0,1.4,2.0,DRAW
75.5,75.2,1.6,1.0,3.0,WIN
77.2,72.6,1.0,0.8,0.0,LOSE
80.1,78.8,2.2,1.6,1.4,WIN
74.8,76.5,0.8,1.0,2.0,DRAW
77.9,77.5,1.4,0.8,1.0,WIN
73.5,83.0,1.6,1.6,0.0,LOSE
81.8,83.1,2.2,1.6,1.0,WIN
83.2,85.1,2.2,1.6,1.0,LOSE
75.3,78.2,0.4,0.2,2.0,WIN
78.1,75.5,1.8,1.0,0.8,DRAW
75.5,76.9,0.6,0.4,0.8,DRAW
75.4,77.6,2.0,1.0,0.8,WIN
83.3,72.6,2.6,0.8,3.0,WIN
77.5,76.9,2.0,0.2,1.6,WIN
79.9,74.1,2.6,1.6,0.6666666666666666,WIN
75.5,82.2,2.0,0.8,0.0,WIN
84.7,83.6,3.0,1.0,1.8,WIN
73.1,81.5,1.0,1.4,0.2,LOSE
81.9,79.8,2.2,2.0,1.8,WIN
79.5,75.4,1.6,0.6,1.0,WIN
73.8,75.4,1.0,1.0,0.0,DRAW
74.5,76.2,1.2,1.2,0.6666666666666666,WIN
76.2,78.4,1.0,0.2,1.0,LOSE
78.6,75.3,1.6,0.6,2.3333333333333335,LOSE
83.6,73.1,2.0,1.0,1.2,WIN
80.0,77.4,1.6,0.2,1.8,WIN
74.8,83.5,2.2,2.2,0.2,LOSE
76.8,84.0,1.6,1.6,0.8,LOSE
75.3,76.8,2.0,0.2,1.4,WIN
73.7,74.3,1.0,0.8,3.0,LOSE
76.6,79.6,1.0,0.0,0.8,LOSE
80.4,77.3,2.6,0.2,2.0,WIN
74.5,80.5,1.0,1.8,1.2,LOSE
75.4,78.5,2.0,0.8,0.0,LOSE
77.0,76.6,1.6,1.2,1.2,WIN
83.3,75.3,2.6,1.2,2.0,WIN
74.5,73.8,1.8,0.6,0.0,WIN
77.4,75.2,2.0,1.2,1.4,DRAW
76.8,75.5,0.8,1.0,2.3333333333333335,LOSE
79.2,85.4,2.0,1.6,1.2,LOSE
79.7,76.5,2.0,0.4,2.0,WIN
82.6,82.5,2.0,2.2,1.6,LOSE
79.5,79.5,2.0,1.8,0.4,DRAW
75.7,74.3,2.0,0.8,1.2,DRAW
75.1,74.2,1.8,0.6,0.0,DRAW
78.8,74.5,1.8,1.0,3.0,LOSE
76.5,83.5,1.0,2.2,0.2,LOSE
77.4,74.9,2.2,1.4,1.0,LOSE
76.3,74.7,0.6,0.6,0.8,DRAW
82.7,83.8,3.0,1.8,1.6,LOSE
79.2,76.4,2.4,1.0,1.6,WIN
83.6,76.1,1.4,0.8,1.4,DRAW
76.1,83.5,0.6,0.8,0.6,LOSE
74.6,77.0,1.0,1.4,1.0,WIN
76.3,75.1,0.8,0.6,1.0,WIN
73.6,76.9,0.8,0.2,3.0,WIN
75.6,80.4,2.4,0.6,1.6,DRAW
80.1,75.7,2.6,1.2,2.0,WIN
83.1,84.8,2.6,2.0,2.0,LOSE
74.5,80.7,2.2,0.2,0.0,WIN
83.6,76.3,3.0,0.2,2.0,LOSE
76.1,77.0,1.6,0.4,1.2,DRAW
75.2,83.3,2.0,2.6,0.0,DRAW
75.6,81.8,1.6,1.8,0.8,LOSE
74.6,83.1,1.6,1.2,1.3333333333333333,LOSE
76.8,76.1,1.2,0.8,1.6,DRAW
76.3,79.5,0.2,2.0,0.6,DRAW
76.9,76.3,2.0,1.0,0.8,DRAW
80.7,76.1,2.4,0.8,1.6,WIN
76.5,74.6,0.4,2.0,1.0,DRAW
84.7,75.5,2.4,0.6,2.6,WIN
80.4,75.2,2.0,1.0,3.0,WIN
78.5,77.0,2.6,0.6,3.0,DRAW
74.6,75.2,1.6,0.4,1.0,DRAW
76.3,75.6,0.8,1.2,0.8,WIN
73.6,80.6,1.4,0.8,0.0,LOSE
74.5,76.3,2.6,0.6,1.3333333333333333,LOSE
76.4,75.1,0.6,1.0,1.6,WIN
75.3,84.1,2.6,1.2,1.0,LOSE
76.4,84.5,1.6,2.6,0.8,LOSE
83.3,77.5,2.4,0.0,1.4,WIN
83.1,76.2,2.4,0.2,2.6,WIN
75.5,82.2,1.6,1.8,0.0,WIN
76.6,76.3,0.4,1.0,0.6,LOSE
77.0,77.1,0.8,0.2,2.2,LOSE
77.2,74.4,1.6,1.0,3.0,WIN
76.3,83.5,0.4,2.6,0.8,WIN
75.7,75.9,1.0,0.4,2.2,WIN
79.7,76.2,2.0,0.4,1.4,DRAW
84.1,74.4,2.4,0.8,3.0,DRAW
83.5,80.2,1.4,1.6,0.6,WIN
82.1,74.6,2.4,2.0,3.0,WIN
75.7,75.8,2.0,0.4,0.8,LOSE
76.7,80.2,0.6,0.0,0.2,WIN
82.0,73.2,2.0,1.0,3.0,DRAW
81.5,75.5,2.0,0.6,3.0,WIN
82.6,74.5,2.4,0.8,1.0,WIN
77.1,81.1,1.4,1.8,1.0,DRAW
77.1,79.3,1.0,1.4,1.0,WIN
81.8,77.6,2.4,1.2,1.0,WIN
74.9,77.1,1.4,0.8,0.8,LOSE
74.7,74.0,1.6,0.4,2.0,LOSE
74.3,76.6,1.2,1.2,1.4,WIN
74.5,80.5,1.4,0.0,0.0,LOSE
79.3,74.9,2.6,0.4,3.0,WIN
79.8,77.1,2.4,0.0,2.4,WIN
74.3,83.7,2.4,1.8,0.3333333333333333,WIN
76.5,83.3,1.0,3.0,0.8,LOSE
82.1,78.4,2.4,1.2,2.2,WIN
76.3,83.8,2.4,2.0,1.5,LOSE
77.8,76.1,1.6,0.2,0.5,WIN
74.7,83.2,0.8,1.8,0.5,LOSE
74.9,76.9,0.0,1.6,0,LOSE
76.6,72.8,1.4,0.0,0,WIN
77.5,79.8,0.0,1.4,0,DRAW
77.0,77.3,0.8,2.0,1.0,DRAW
82.7,77.7,2.6,0.8,2.0,WIN
80.9,84.9,3.0,3.0,0.4,LOSE
73.5,76.3,0.0,0.6,0,DRAW
78.7,76.6,1.6,1.0,1.6,LOSE
84.8,74.5,2.4,0.0,0,WIN
79.1,77.5,1.0,0.0,0,WIN
79.7,76.8,1.6,1.0,1.0,WIN
83.2,81.4,1.6,0.6,1.6,WIN
85.2,72.2,2.0,0.6,2.0,WIN
77.3,77.8,1.4,0.0,2.25,LOSE
76.4,82.7,1.6,2.0,1.5,WIN
76.9,82.7,1.8,1.0,0.6,LOSE
77.5,85.5,1.0,3.0,0,DRAW
77.0,78.1,1.0,0.6,1.0,LOSE
74.5,73.2,0.6,0.0,0,DRAW
76.6,79.4,2.0,1.6,1.2,DRAW
81.0,78.1,2.4,0.8,2.2,WIN
82.7,75.6,2.6,0.2,3.0,WIN
77.8,76.5,1.6,2.2,1.0,WIN
75.3,77.3,0.0,1.6,0,WIN
75.7,84.1,1.8,2.4,1.0,LOSE
83.1,84.7,2.4,2.0,1.2,LOSE
78.2,82.6,1.4,1.6,1.2,LOSE
78.2,77.5,1.0,0.0,0,LOSE
78.7,75.1,1.6,0.6,3.0,DRAW
76.1,77.0,1.8,1.0,1.2,LOSE
84.3,77.3,1.6,1.4,2.4,WIN
76.4,75.0,1.6,0.0,0,DRAW
85.2,76.3,2.0,0.8,2.5,WIN
73.5,81.9,1.0,0.6,0,LOSE
75.4,83.2,0.8,1.4,0.5,LOSE
77.8,84.1,2.0,2.0,0.2,WIN
83.0,82.7,2.4,1.6,1.2,LOSE
75.4,81.9,1.2,1.2,0.75,LOSE
85.6,74.9,2.6,0.5,0,WIN
74.9,77.2,0.8,1.6,1.5,LOSE
84.2,73.5,2.2,0.5,0,WIN
77.1,78.7,1.6,0.6,1.4,WIN
77.8,83.1,2.6,1.4,0.6,LOSE
77.5,76.7,1.0,1.0,0,WIN
78.7,78.2,1.8,0.8,1.4,LOSE
77.0,75.9,0.8,0.2,1.0,DRAW
75.5,77.8,1.5,0.6,0,DRAW
83.0,77.5,1.8,1.5,0,DRAW
83.4,76.4,2.6,1.6,1.6,WIN
78.4,75.0,1.4,0.8,2.0,WIN
77.2,76.5,1.8,0.2,1.0,DRAW
73.2,85.1,0.5,2.6,0,LOSE
77.0,77.2,0.2,1.2,1.5,WIN
75.9,83.2,1.8,1.4,0.5,LOSE
77.6,84.4,0.8,2.4,1.0,DRAW
82.9,78.7,2.4,1.2,2.4,WIN
78.2,81.9,1.0,1.4,1.0,WIN
77.5,77.4,1.6666666666666667,1.4,0,WIN
76.2,78.6,0.6,0.6,0.75,LOSE
84.9,75.4,2.6,0.2,3.0,WIN
75.6,82.8,0.2,1.8,0.0,LOSE
78.7,74.8,1.6,0.3333333333333333,0,WIN
82.2,77.5,2.4,0.8,1.8,WIN
84.4,82.6,2.6,2.0,1.2,DRAW
73.5,77.0,0.3333333333333333,0.4,0,LOSE
77.3,77.5,2.0,2.0,1.2,WIN
75.8,78.2,1.6,1.2,3.0,WIN
77.7,77.3,2.4,1.2,1.4,LOSE
82.6,73.5,2.4,0.3333333333333333,0,WIN
78.6,79.3,1.8,1.0,1.2,LOSE
76.9,77.5,1.4,1.3333333333333333,0,LOSE
77.2,75.1,0.8,0.6,1.0,DRAW
82.3,76.5,2.0,0.4,1.25,WIN
74.6,80.7,1.3333333333333333,1.8,0,LOSE
76.2,84.1,1.0,2.0,0.0,LOSE
82.9,85.5,2.6,2.6,2.0,DRAW
84.3,83.2,2.2,1.4,1.4,DRAW
77.5,77.1,2.0,0.8,0,LOSE
78.2,82.5,1.4,2.4,1.4,LOSE
76.5,75.8,0.6,0.2,0.5,LOSE
85.5,77.5,3.0,0.8,2.5,WIN
73.4,74.7,0.25,0.25,0,WIN
77.3,76.8,2.6,1.2,1.0,DRAW
75.3,81.7,0.2,2.0,0.0,LOSE
80.5,76.9,1.6,1.8,1.8,WIN
81.5,78.9,2.4,1.2,2.0,WIN
83.1,73.3,2.6,0.25,0,WIN
75.0,77.0,1.0,1.8,0,LOSE
75.8,77.7,2.0,1.75,0,WIN
77.1,75.1,1.8,0.6,0.0,WIN
77.0,76.5,0.4,0.4,1.25,DRAW
78.1,76.5,1.8,1.2,1.6,DRAW
77.2,81.2,0.8,2.4,0.8,DRAW
77.6,83.2,0.8,2.0,1.0,LOSE
82.8,80.5,2.0,1.0,2.2,WIN
83.1,85.5,2.4,2.2,1.4,LOSE
77.0,83.2,2.2,1.4,0.2,LOSE
76.8,77.2,0.8,0.8,1.75,WIN
76.5,77.5,0.0,1.4,0.0,WIN
80.5,75.8,2.0,0.8,2.0,WIN
73.4,78.8,0.8,1.2,0,LOSE
82.4,82.8,2.4,2.6,0.4,DRAW
77.3,81.7,1.6,2.4,0,LOSE
85.5,76.3,3.0,0.8,2.0,WIN
83.2,77.5,2.2,1.2,1.8,WIN
75.5,75.8,0.2,0.2,0,WIN
72.7,75.9,0.6,0.8,0,WIN
76.5,77.3,0.6,1.4,1.6,DRAW
76.1,76.9,0.6,1.8,1.0,WIN
78.3,77.1,1.4,0.6,1.5,DRAW
75.5,76.8,0.8,0.8,0.0,DRAW
76.9,82.2,0.4,2.4,0.0,LOSE
82.8,74.9,2.6,0.2,0,WIN
84.3,80.4,2.2,1.0,2.2,DRAW
85.5,81.9,3.0,2.0,1.4,WIN
81.9,77.3,2.6,1.4,0,DRAW
76.7,85.5,1.4,2.2,0.2,LOSE
77.5,83.5,1.8,2.2,0.2,LOSE
82.9,77.5,2.0,0.6,3.0,DRAW
75.5,75.8,0.8,0.8,0,WIN
80.4,73.2,2.0,0.2,0,WIN
76.1,77.9,2.0,1.8,0.0,DRAW
82.5,84.3,1.8,2.6,1.4,WIN
76.9,81.5,1.6,2.0,0.8,LOSE
76.1,75.5,1.4,0.4,0,LOSE
76.9,76.2,0.8,0.6,2.0,LOSE
73.6,76.6,1.2,1.6,0,WIN
76.2,78.3,1.2,1.0,2.25,LOSE
83.4,76.5,3.0,1.2,3.0,WIN
78.5,77.5,1.0,1.0,1.8,WIN
75.7,75.8,0.8,0.8,2.0,LOSE
77.5,77.0,0.4,0.8,0.75,WIN
73.8,81.6,0.6,1.4,1.0,DRAW
84.2,75.3,1.8,0.0,0,WIN
81.5,82.6,2.2,3.0,1.0,WIN
82.8,80.4,2.6,1.0,2.2,WIN
76.0,77.5,1.6,0.8,0.5,WIN
77.2,75.7,1.4,1.0,1.5,WIN
77.9,73.8,1.4,0.2,0,WIN
77.3,84.9,1.2,2.2,0.0,LOSE
75.1,83.5,1.2,2.0,0,WIN
74.8,76.3,1.4,1.4,0,DRAW
76.9,80.5,0.8,2.2,1.0,LOSE
79.7,75.7,2.4,1.0,3.0,DRAW
81.2,80.5,1.6,2.6,2.0,DRAW
82.5,75.3,1.8,0.2,2.0,WIN
76.6,83.5,1.4,2.2,0.8,LOSE
77.8,77.5,1.8,0.2,1.8,WIN
81.8,75.6,1.8,0.0,0,WIN
73.2,74.4,1.8,0.2,0,WIN
76.9,75.5,0.8,1.2,1.0,WIN
81.4,75.2,2.2,0.8,3.0,WIN
84.4,85.1,1.8,2.6,1.2,WIN
78.4,82.4,1.6,2.4,1.4,LOSE
76.3,75.9,1.2,1.0,0,LOSE
80.4,75.5,2.6,0.8,1.4,DRAW
84.5,79.5,3.0,0.8,1.2,WIN
76.8,76.3,1.2,1.2,0,WIN
76.4,73.5,0.6,0.0,0,WIN
81.5,76.3,1.8,0.8,2.5,WIN
74.8,76.1,0.8,1.2,1.5,LOSE
76.5,78.5,1.0,1.6,1.4,WIN
75.3,77.6,1.0,1.6,0,LOSE
74.0,80.7,0.8,2.2,0.4,WIN
76.0,84.4,2.0,1.4,0.0,LOSE
83.9,81.2,2.6,1.0,0.6,WIN
77.6,84.1,1.2,2.6,0,LOSE
80.5,76.2,2.2,0.2,3.0,WIN
77.6,77.7,1.8,1.0,1.4,LOSE
76.1,75.4,1.2,0.0,0,DRAW
84.3,77.0,3.0,0.2,2.6,LOSE
74.5,74.0,0.8,0.2,1.0,LOSE
84.4,78.2,2.2,1.0,2.2,LOSE
76.8,75.5,0.8,1.2,2.0,WIN
73.6,82.5,2.4,1.0,0,LOSE
79.2,83.5,2.2,2.4,0.4,LOSE
74.7,76.5,0.8,1.4,0,DRAW
81.1,76.7,2.4,1.2,2.6,WIN
81.9,74.7,2.2,0.8,1.5,WIN
83.5,75.7,2.6,1.6,1.25,WIN
78.2,84.9,1.0,2.0,1.2,WIN
77.3,72.5,1.4,0.0,0,DRAW
76.6,79.5,0.8,0.8,2.25,LOSE
75.9,81.9,2.0,1.6,1.5,DRAW
77.7,84.4,1.2,1.8,0.8,LOSE
74.2,76.2,1.2,1.6,1.8,LOSE
75.5,75.8,1.2,1.6,2.4,DRAW
83.5,77.5,2.4,1.0,3.0,LOSE
78.7,73.6,1.6,0.2,3.0,LOSE
75.3,75.3,1.0,0.6,0.0,WIN
75.4,80.1,1.6,0.8,0.3333333333333333,WIN
83.6,80.9,3.0,1.2,2.2,WIN
76.7,84.1,1.6,1.8,1.2,LOSE
75.7,84.4,1.2,1.8,0.2,LOSE
75.7,77.7,0.6,2.2,0.8,WIN
82.6,76.5,2.2,0.6,2.6,WIN
79.2,78.1,1.6,1.6,2.4,LOSE
80.5,74.2,2.2,0.2,3.0,WIN
73.5,83.5,1.8,2.4,0.0,LOSE
76.7,77.0,1.2,0.8,3.0,LOSE
77.7,75.4,1.8,0.6,0.0,DRAW
74.8,75.7,0.8,0.2,1.0,LOSE
84.0,74.3,2.0,0.6,3.0,DRAW
76.9,77.4,1.2,1.0,1.2,DRAW
75.7,82.7,1.4,1.4,1.0,LOSE
85.5,83.5,2.4,2.6,1.0,WIN
77.9,80.5,1.4,1.0,0.2,WIN
78.2,73.7,1.4,0.8,1.6,LOSE
77.0,77.9,1.4,1.2,1.6,LOSE
73.5,74.5,1.8,0.6,1.0,DRAW
75.4,75.0,1.2,0.2,0.0,WIN
75.5,83.7,1.6,2.4,0.0,LOSE
84.4,75.1,1.6,1.6,2.0,WIN
80.0,77.0,1.0,0.0,1.4,WIN
83.8,82.5,2.4,1.4,1.8,LOSE
84.8,77.8,2.4,1.6,1.0,WIN
76.7,79.0,1.2,1.6,0.0,WIN
77.2,75.4,0.8,0.8,1.2,DRAW
74.1,80.0,1.0,0.8,1.4,WIN
75.0,73.2,0.8,0.8,1.0,WIN
81.8,75.5,2.2,0.8,1.0,WIN
84.0,76.5,3.0,1.4,2.4,WIN
76.9,77.5,1.4,2.0,1.6,WIN
81.6,84.4,2.6,1.8,1.0,WIN
73.8,85.5,0.2,1.8,0.3333333333333333,LOSE
75.2,83.4,1.6,2.4,0.0,LOSE
77.5,77.5,1.8,1.8,3.0,WIN
74.4,79.5,0.0,0.6,0.3333333333333333,LOSE
75.2,76.3,1.0,0.8,1.0,WIN
81.2,73.2,3.0,0.8,3.0,WIN
82.5,75.4,2.6,0.8,2.2,DRAW
75.0,85.8,0.8,1.8,0.2,WIN
76.2,84.2,2.0,1.8,0.6,WIN
74.1,77.0,1.4,1.2,1.8,DRAW
82.5,77.5,1.8,1.6,2.0,WIN
83.8,79.1,3.0,1.4,2.4,DRAW
83.2,75.0,1.8,1.0,1.8,WIN
79.4,77.8,1.0,1.4,1.0,LOSE
76.2,75.3,1.4,0.2,3.0,WIN
84.7,74.2,2.0,0.2,2.3333333333333335,WIN
75.4,73.9,1.8,1.4,1.6,DRAW
75.9,76.7,1.4,1.6,1.3333333333333333,DRAW
72.7,75.9,1.4,0.0,0.0,WIN
79.5,82.7,1.2,2.0,0.2,LOSE
86.5,80.9,2.4,0.4,2.6,WIN
77.2,83.8,2.0,2.4,0.2,DRAW
78.6,85.7,0.8,1.2,1.0,LOSE
75.5,82.6,1.4,2.4,0.0,LOSE
76.5,77.2,1.4,1.2,0.4,DRAW
77.2,79.3,1.0,1.2,1.4,WIN
74.6,73.2,1.4,0.8,0.0,LOSE
84.0,76.4,2.6,0.0,2.0,WIN
73.7,79.7,0.0,0.2,0.0,LOSE
76.3,75.4,1.0,1.0,0.6666666666666666,LOSE
80.7,79.5,1.8,1.4,2.0,WIN
84.6,84.6,2.4,1.8,1.2,WIN
77.8,75.0,1.8,0.8,3.0,DRAW
77.5,75.9,1.6,0.2,3.0,WIN
73.3,77.6,1.4,1.6,0.0,LOSE
75.4,82.5,2.0,2.4,0.2,WIN
75.1,74.3,1.4,0.2,2.0,WIN
76.0,77.8,2.0,2.0,0.0,DRAW
79.7,76.9,0.6,1.4,0.8,LOSE
81.7,83.9,2.6,2.0,1.2,DRAW
81.7,73.5,3.0,1.6,2.0,WIN
80.1,76.4,0.6,0.2,2.3333333333333335,WIN
73.2,77.8,0.0,1.6,3.0,WIN
72.9,79.6,0.8,1.2,0.0,LOSE
75.1,75.7,2.0,1.6,1.3333333333333333,WIN
80.7,75.6,3.0,0.0,2.0,WIN
74.5,75.1,0.8,0.2,0.0,WIN
76.5,81.3,1.0,3.0,0.2,LOSE
84.3,83.2,2.0,2.4,1.2,WIN
84.7,77.6,2.4,0.8,3.0,WIN
82.7,77.6,2.6,1.6,2.6,WIN
84.0,81.1,1.8,0.8,1.4,DRAW
73.8,73.3,1.4,1.4,0.0,WIN
81.6,74.5,2.2,1.6,1.8,WIN
75.4,76.9,2.0,2.0,1.8,LOSE
76.2,74.0,1.0,0.2,1.3333333333333333,WIN
74.8,85.1,2.2,1.8,0.0,LOSE
77.6,75.1,1.6,0.4,1.2,WIN
78.0,80.0,1.6,1.4,1.2,WIN
75.2,83.9,1.4,1.2,0.0,LOSE
79.9,82.8,0.6,1.6,0.4,DRAW
76.6,76.2,0.8,0.2,1.3333333333333333,LOSE
74.5,82.8,1.4,1.8,0.2,WIN
76.2,79.3,2.4,1.2,0.2,WIN
80.1,75.2,0.6,0.0,1.0,WIN
73.5,76.5,0.6,0.0,1.0,LOSE
73.1,77.6,0.8,0.2,0.0,WIN
84.7,76.5,3.0,1.4,3.0,WIN
83.5,75.4,2.6,1.6,2.0,WIN
84.2,77.9,2.0,1.4,0.0,DRAW
82.0,82.1,3.0,3.0,1.0,WIN
78.0,73.6,2.2,0.2,2.3333333333333335,WIN
75.7,80.1,2.0,0.8,1.4,LOSE
76.6,75.9,1.6,0.4,1.4,DRAW
75.5,83.5,1.2,1.2,0.0,LOSE
79.9,84.6,0.8,1.2,0.4,WIN
74.6,85.2,0.6,2.4,0.0,LOSE
82.7,78.0,2.2,0.8,2.4,WIN
79.5,77.1,1.2,0.6,0.6,WIN
76.9,74.3,0.8,0.2,2.0,WIN
75.4,78.1,1.4,1.0,0.0,WIN
76.2,74.0,1.4,1.0,1.0,LOSE
77.6,80.0,2.6,1.2,1.4,LOSE
73.1,83.5,1.4,0.6,0.0,LOSE
83.4,84.5,2.6,1.2,1.6,WIN
80.2,76.1,3.0,0.4,2.4,WIN
76.6,81.0,2.0,2.4,1.0,WIN
77.9,75.2,1.6,0.0,1.0,WIN
81.8,75.8,2.2,0.8,3.0,WIN
84.2,76.5,2.0,2.0,3.0,WIN
82.6,73.0,3.0,1.2,3.0,WIN
74.2,83.7,2.0,1.8,0.4,LOSE
76.2,76.6,3.0,1.4,1.6,LOSE
73.6,79.1,0.6,0.8,0.3333333333333333,LOSE
77.2,75.8,1.6,1.0,1.2,LOSE
79.7,80.2,1.4,0.8,0.6,WIN
82.6,78.5,2.6,0.2,1.6,WIN
79.8,75.9,1.8,0.4,2.4,LOSE
80.6,72.7,2.6,0.0,3.0,WIN
74.4,77.9,1.4,1.0,0.0,WIN
75.4,79.7,0.6,1.8,0.0,WIN
75.8,72.8,1.4,0.6,3.0,WIN
76.0,76.6,0.8,0.6,0.3333333333333333,LOSE
82.5,78.1,2.2,0.2,1.6,WIN
76.1,86.0,1.4,2.4,0.8,LOSE
83.7,82.1,2.6,1.2,1.2,WIN
77.1,80.9,2.2,0.8,1.2,LOSE
76.2,73.1,0.8,0.6,0.0,LOSE
83.5,82.0,3.0,0.6,2.0,WIN
76.8,76.3,2.6,0.6,0.0,DRAW
77.7,79.6,2.0,1.4,1.0,DRAW
74.7,76.5,0.6,0.8,2.0,LOSE
76.5,75.2,1.0,0.0,3.0,LOSE
75.9,75.3,2.4,1.4,1.2,WIN
79.9,82.5,1.4,1.8,0.4,WIN
73.1,83.5,1.2,1.8,0.0,LOSE
79.2,76.2,3.0,2.0,2.0,LOSE
82.5,75.8,2.6,1.4,2.0,DRAW
77.8,74.9,2.0,0.8,1.2,DRAW
83.6,76.1,2.6,0.8,2.3333333333333335,WIN
77.8,81.5,2.2,1.4,1.0,WIN
81.5,84.7,2.2,2.4,0.8,LOSE
83.1,73.7,3.0,0.0,3.0,WIN
82.7,77.5,2.6,0.2,2.0,LOSE
77.7,77.8,2.0,0.4,3.0,LOSE
73.7,75.5,1.8,1.2,1.8,DRAW
74.9,73.0,0.6,1.2,0.0,WIN
76.5,79.9,0.8,1.2,0.4,DRAW
76.1,75.8,0.6,1.0,2.3333333333333335,DRAW
79.0,81.5,1.8,1.4,0.8,WIN
75.8,84.7,1.8,3.0,0.2,LOSE
82.9,85.1,2.0,1.2,1.4,DRAW
79.9,77.4,2.0,1.4,1.2,WIN
76.0,83.3,0.4,0.0,0.2,WIN
77.8,75.2,2.2,0.6,1.0,WIN
76.5,74.4,2.0,0.8,1.8,WIN
72.2,76.4,0.6,2.4,1.0,LOSE
75.8,83.2,2.4,2.2,1.0,LOSE
75.0,81.7,0.6,1.2,1.0,DRAW
84.8,77.7,2.2,1.2,2.4,WIN
83.1,75.7,2.4,0.8,1.3333333333333333,DRAW
83.6,79.0,3.0,1.4,1.8,WIN
78.3,77.9,1.4,0.6,2.0,LOSE
81.5,80.2,2.0,1.4,2.6,DRAW
73.7,73.8,2.0,0.0,1.6666666666666667,DRAW
78.8,71.9,2.0,0.6,3.0,LOSE
82.8,77.8,3.0,0.8,3.0,WIN
79.0,82.1,2.4,1.4,0.8,DRAW
74.7,75.9,1.2,1.0,1.0,LOSE
76.7,76.0,0.8,1.4,1.2,WIN
75.8,79.5,1.2,0.8,0.0,LOSE
75.6,84.6,0.8,3.0,0.0,LOSE
85.0,73.1,3.0,0.6,2.0,WIN
78.9,85.4,2.0,3.0,0.0,LOSE
77.1,73.7,0.8,0.0,0,DRAW
77.1,75.8,1.2,0.8,1.8,WIN
76.5,79.7,1.4,1.0,0.4,DRAW
77.8,76.7,0.8,1.0,1.25,LOSE
82.1,75.2,2.0,0.0,3.0,WIN
76.9,80.8,1.8,1.2,0.6,LOSE
80.0,79.5,2.0,0.8,1.5,DRAW
82.0,80.9,1.4,1.0,1.6,WIN
81.6,77.1,2.0,0.8,3.0,WIN
75.2,77.1,0.2,1.4,1.5,LOSE
77.0,78.0,0.2,1.2,2.5,DRAW
79.9,78.1,2.6,0.6,1.4,WIN
73.2,77.1,1.4,1.6,1.5,WIN
75.9,84.5,1.6,2.6,0.2,LOSE
85.8,82.4,3.0,0.0,2.6,DRAW
73.7,77.2,0.0,2.4,0,WIN
81.8,79.5,2.2,1.4,1.6,DRAW
79.5,82.0,2.6,0.8,2.0,DRAW
75.6,79.7,0.2,1.2,0.0,WIN
73.2,80.7,1.8,1.0,0.0,LOSE
73.6,78.9,3.0,1.6,0,LOSE
76.6,75.5,0.4,0.8,0.75,LOSE
77.6,78.6,0.2,1.4,1.4,LOSE
82.0,77.1,1.4,1.8,2.6,LOSE
85.3,81.4,3.0,1.8,2.2,WIN
76.9,86.1,1.0,3.0,0.0,LOSE
78.7,77.1,2.2,0.8,1.5,DRAW
82.5,77.0,2.0,1.4,2.4,LOSE
76.1,81.2,1.0,0.4,0.6,DRAW
78.6,73.5,1.4,0.6,1.0,WIN
80.4,73.8,2.2,1.0,0,DRAW
77.1,75.6,1.6,0.0,1.5,WIN
79.9,77.2,1.6,1.4,1.2,WIN
85.9,76.2,2.6,1.0,3.0,WIN
76.6,77.4,1.2,0.6,0.8,DRAW
76.7,85.3,1.8,3.0,0.2,LOSE
79.6,77.6,3.0,0.8,0.5,WIN
80.9,83.8,2.0,0.2,1.4,DRAW
84.2,77.0,3.0,2.0,2.2,WIN
80.5,79.7,0.8,1.6,2.6,WIN
76.4,76.7,0.4,1.0,0.5,DRAW
73.8,76.3,1.5,0.8,0,LOSE
83.5,77.5,1.4,2.4,3.0,WIN
79.4,81.1,1.8,1.0,2.0,LOSE
73.5,85.2,1.2,3.0,0.5,WIN
75.5,79.5,0.8,0.6,0.8,WIN
77.8,80.6,0.2,1.2,1.2,DRAW
75.5,78.6,0.8,2.0,0.5,DRAW
76.2,75.7,1.2,1.4,1.4,LOSE
80.1,81.7,1.6,0.4,0.6,WIN
85.9,77.4,2.6,0.8,3.0,WIN
76.8,73.5,1.2,0.0,0,WIN
79.4,73.9,3.0,1.0,0,LOSE
77.1,75.1,0.8,1.0,0.5,DRAW
77.4,79.2,1.6,0.8,1.5,DRAW
78.6,80.5,1.4,0.6,0.8,WIN
81.5,85.3,1.8,3.0,1.2,LOSE
79.3,75.9,1.6,0.0,3.0,WIN
73.9,85.3,1.0,3.0,0,LOSE
83.5,76.6,1.4,1.4,2.0,WIN
78.0,77.9,1.6,0.8,1.5,WIN
75.8,76.8,1.0,0.6,0,DRAW
75.7,78.6,1.4,2.2,2.2,DRAW
80.7,74.9,1.2,1.0,3.0,WIN
77.1,73.9,1.8,0.0,3.0,WIN
79.4,84.9,2.4,2.4,0.8,LOSE
79.6,76.5,2.2,1.4,1.8,WIN
80.5,79.4,1.4,1.4,1.4,DRAW
74.0,83.5,0.6,0.4,0.25,WIN
77.0,79.5,1.2,0.6,1.2,WIN
84.8,79.9,3.0,1.0,2.0,WIN
72.9,75.8,1.8,0.0,1.5,LOSE
77.3,73.9,0.2,1.6666666666666667,0,DRAW
78.4,76.5,2.0,1.8,1.8,LOSE
85.8,78.6,2.6,1.0,2.0,LOSE
75.7,80.9,0.6,1.6,0.2,LOSE
79.3,75.7,1.6,1.4,2.0,WIN
76.4,79.2,1.0,0.6,0.8,WIN
79.1,78.5,1.8,1.8,1.4,WIN
75.8,75.3,1.2,1.0,0,WIN
76.3,73.5,1.6,0.0,1.5,DRAW
80.0,76.4,1.6,1.2,2.4,WIN
80.1,76.6,2.2,0.6,1.4,WIN
82.3,77.4,2.0,0.2,2.0,DRAW
78.9,76.1,1.6,1.2,1.5,DRAW
76.8,85.9,2.2,2.4,0.8,LOSE
80.0,85.4,1.4,3.0,1.2,DRAW
73.8,79.6,0.75,1.6,0,WIN
76.1,80.1,0.4,0.8,1.4,LOSE
85.7,76.1,2.0,0.6,2.0,WIN
74.1,78.9,1.0,0.4,1.0,WIN
77.4,77.3,0.4,1.2,1.2,DRAW
78.1,73.7,1.8,1.5,0,DRAW
76.6,80.9,1.8,2.0,1.0,LOSE
76.1,79.5,1.0,1.0,0.5,DRAW
80.7,77.2,2.2,1.8,1.4,DRAW
86.2,82.4,3.0,0.4,2.0,WIN
73.5,80.5,1.8,0.6,1.5,LOSE
77.3,80.5,1.2,1.0,0.2,WIN
81.6,79.5,2.2,1.2,0.5,DRAW
75.8,85.5,1.6,2.6,0.0,LOSE
74.1,73.3,1.6,0.2,0,WIN
87.1,75.9,2.0,1.4,3.0,WIN
73.8,76.6,1.2,0.6,0,WIN
78.1,77.5,1.4,0.6,1.2,LOSE
77.4,80.6,0.6,2.4,0.6,LOSE
77.3,80.1,1.6,1.4,2.6,LOSE
78.7,81.9,1.8,0.4,0.2,DRAW
73.3,78.2,1.2,0.4,1.5,LOSE
80.0,77.6,1.6,1.4,1.8,WIN
76.7,78.2,1.8,1.2,1.4,WIN
77.5,77.1,1.2,1.4,1.0,WIN
76.5,78.5,0.2,0.2,1.4,LOSE
81.4,73.8,2.0,1.4,0,DRAW
80.1,81.1,2.6,1.0,1.2,WIN
79.5,74.4,1.2,0.6,0,WIN
79.5,74.5,1.6,0.8,1.5,WIN
86.2,85.8,3.0,2.4,1.0,WIN
78.0,82.0,1.4,0.4,1.4,LOSE
81.5,75.5,1.8,1.4,2.0,DRAW
76.6,79.5,1.6,1.2,0.5,LOSE
76.3,80.1,2.0,1.8,0.25,LOSE
77.6,85.3,1.4,2.6,0.6,LOSE
78.5,72.9,1.4,0.2,2.0,LOSE
77.5,76.7,0.6,0.6,1.4,LOSE
86.2,81.7,2.4,3.0,1.8,WIN
73.0,79.5,1.2,0.8,0,DRAW
75.0,77.3,1.6,1.2,1.0,WIN
77.1,85.5,1.8,1.8,0.8,DRAW
76.6,77.5,1.8,1.4,1.2,LOSE
79.7,76.6,2.0,1.0,1.6,LOSE
85.6,75.3,3.0,0.2,3.0,WIN
82.3,76.1,1.6,0.8,2.4,WIN
75.5,77.6,0.2,1.0,1.2,WIN
78.2,73.8,1.6,1.4,0,DRAW
73.4,81.6,0.6,0.4,0.5,DRAW
80.1,79.0,3.0,0.6,1.2,WIN
79.7,75.0,1.6,0.6,3.0,DRAW
77.8,75.7,0.8,0.8,1.6,WIN
76.4,86.5,1.8,1.4,0.2,LOSE
79.5,77.7,3.0,0.8,1.8,WIN
79.5,77.1,1.6,1.0,3.0,WIN
79.6,82.7,1.8,0.8,1.2,WIN
81.1,74.9,1.8,0.8,3.0,WIN
76.5,73.4,0.6,0.8,1.5,WIN
82.6,79.0,3.0,0.6,1.8,WIN
73.9,76.8,1.4,0.6,0,LOSE
82.8,74.0,1.8,0.2,1.25,LOSE
79.1,81.1,0.8,2.4,1.0,WIN
76.0,84.2,1.6,2.6,0.2,LOSE
82.6,76.5,2.2,1.0,2.0,WIN
78.2,77.5,0.6,1.4,1.4,DRAW
86.5,81.1,2.4,0.8,2.0,LOSE
74.6,79.7,1.6,1.8,0.5,LOSE
77.1,76.5,1.8,1.0,1.6,WIN
73.2,73.8,0.8,1.4,0,LOSE
75.3,79.5,2.0,1.8,2.0,DRAW
76.6,79.5,0.8,0.6,0.8,LOSE
85.2,78.1,3.0,0.8,2.6,WIN
76.5,76.3,1.2,1.2,1.0,WIN
81.7,75.5,2.4,0.2,1.8,LOSE
79.7,73.2,3.0,0.8,3.0,DRAW
73.8,74.9,1.4,0.8,0,WIN
76.5,76.6,1.2,0.8,0.6,LOSE
81.1,78.9,1.8,0.6,2.0,DRAW
79.5,82.6,2.2,0.8,1.5,LOSE
79.4,84.5,1.2,2.0,0.2,LOSE
76.8,76.5,1.2,0.6,1.0,DRAW
78.9,76.8,1.4,1.0,0.6,DRAW
75.1,76.5,1.4,0.4,0.5,LOSE
75.5,76.7,1.0,0.8,1.2,LOSE
76.5,73.7,2.0,1.4,0,LOSE
77.3,77.2,2.2,1.6,1.6,WIN
73.1,79.5,0.2,1.8,0,LOSE
85.3,80.1,1.8,2.4,2.4,WIN
78.1,81.1,0.6,1.4,0.0,WIN
82.6,81.6,2.2,1.8,1.8,LOSE
81.9,73.6,1.6,0.8,2.0,WIN
74.1,73.1,1.2,1.0,2.0,WIN
75.5,80.5,0.8,1.0,0.6,DRAW
81.1,75.3,1.8,1.0,2.6,LOSE
77.7,77.6,0.8,1.2,1.2,WIN
79.3,76.6,1.6,1.2,1.2,WIN
73.8,77.5,2.0,0.8,1.0,DRAW
80.2,75.9,1.8,1.2,1.8,WIN
79.9,85.6,2.6,2.6,0.2,LOSE
79.5,86.0,1.6,2.0,1.3333333333333333,WIN
76.5,74.3,1.4,0.8,0.25,WIN
77.5,77.8,2.2,0.8,0.8,LOSE
76.5,77.3,1.2,1.0,2.0,DRAW
78.1,73.2,1.0,0.2,3.0,WIN
73.2,81.7,0.2,1.4,0.0,DRAW
78.6,75.5,0.2,2.4,1.2,LOSE
76.7,79.4,1.2,1.4,0.4,LOSE
79.5,81.4,0.6,1.8,1.0,LOSE
85.4,76.2,3.0,1.8,3.0,WIN
83.5,74.3,2.4,1.8,0,WIN
75.1,81.3,1.4,1.8,0.0,DRAW
76.8,74.5,1.2,0.2,1.0,LOSE
77.3,78.9,2.0,2.4,1.2,LOSE
76.5,82.3,1.4,1.6,0.8,WIN
77.9,77.5,1.4,1.6,1.0,WIN
78.4,75.3,0.2,0.6,0.6,WIN
81.6,78.9,2.4,1.4,2.6,WIN
73.0,77.3,0.4,1.0,0.0,DRAW
81.5,81.3,0.4,1.4,1.0,WIN
85.5,73.8,3.0,1.6,3.0,WIN
73.8,78.4,1.6,1.2,1.0,WIN
76.7,81.5,1.4,1.2,1.0,DRAW
78.3,75.5,2.0,1.2,1.6666666666666667,DRAW
79.8,76.6,1.2,1.2,2.0,WIN
78.9,76.6,1.6,0.8,1.4,WIN
78.9,76.5,2.0,1.4,2.0,LOSE
80.1,71.7,2.2,0.8,2.0,WIN
80.5,85.5,2.0,2.6,0.8,LOSE
75.6,77.5,0.8,0.8,1.2,LOSE
72.8,85.5,1.2,1.4,0.3333333333333333,LOSE
77.5,80.5,2.0,1.4,1.0,DRAW
79.0,74.0,0.8,1.4,0.0,DRAW
86.4,76.6,2.4,1.2,2.0,DRAW
74.3,75.0,1.0,0.8,0.0,DRAW
73.4,76.8,0.6,0.6,1.3333333333333333,WIN
76.5,78.3,2.0,1.4,1.3333333333333333,LOSE
78.1,78.2,0.6,0.8,1.2,DRAW
77.2,80.7,1.4,1.4,0.6,WIN
76.5,78.5,0.6,2.4,0.8,WIN
85.5,79.4,3.0,1.4,1.2,WIN
75.0,77.5,1.2,0.8,0.0,WIN
74.3,85.2,1.6,2.0,0.0,LOSE
78.2,75.5,2.0,0.8,2.0,DRAW
76.2,75.1,0.2,0.8,2.0,WIN
76.6,75.4,1.6,2.0,1.0,LOSE
81.7,79.5,1.2,1.4,1.6,DRAW
79.5,77.7,1.4,1.2,1.2,WIN
82.5,73.1,1.8,0.8,2.3333333333333335,WIN
79.2,76.8,2.2,1.2,2.2,LOSE
78.3,85.5,1.6,3.0,0.0,LOSE
78.2,84.5,0.8,3.0,0.2,LOSE
79.4,79.9,1.4,1.4,1.2,DRAW
76.5,74.5,0.8,0.8,2.0,WIN
77.2,74.2,1.6,1.4,0.0,LOSE
85.2,76.3,3.0,2.4,3.0,WIN
77.4,73.1,1.8,0.2,1.0,DRAW
77.8,79.1,2.2,1.0,1.4,LOSE
77.5,76.9,0.8,0.8,0.4,DRAW
81.5,79.5,2.0,1.4,0.6666666666666666,DRAW
76.8,80.1,1.2,1.4,0.0,DRAW
81.8,85.5,1.8,2.4,0.2,WIN
79.5,77.2,2.2,0.8,1.8,WIN
76.6,78.0,1.2,0.8,1.6,DRAW
74.2,76.2,1.4,0.6,1.0,WIN
78.3,79.4,1.4,1.8,1.3333333333333333,DRAW
76.1,76.5,1.4,1.2,0.6,LOSE
73.1,84.8,1.0,3.0,0.3333333333333333,LOSE
74.9,82.7,1.2,1.0,0.0,LOSE
80.7,77.4,0.8,1.0,2.4,WIN
81.3,80.4,1.4,1.2,1.0,LOSE
85.7,76.9,2.0,0.6,3.0,WIN
80.0,81.7,0.8,1.6,1.8,WIN
76.5,77.7,1.0,0.4,1.0,WIN
76.1,75.3,1.4,0.6,2.4,WIN
74.6,74.5,0.8,0.8,2.3333333333333335,WIN
74.2,75.9,2.0,0.4,3.0,DRAW
78.9,86.0,1.0,1.8,0.6,LOSE
80.8,78.0,1.6,1.0,2.4,WIN
79.8,72.9,1.0,0.4,3.0,WIN
81.5,78.4,1.4,1.6,2.0,WIN
85.9,78.0,3.0,0.6,2.6,WIN
73.1,77.9,1.0,1.4,0.3333333333333333,WIN
76.2,76.5,1.2,0.6,1.6,LOSE
76.9,79.7,1.4,1.6,1.8,DRAW
77.1,76.1,1.4,1.8,1.4,DRAW
78.7,73.5,1.0,2.4,2.4,WIN
78.0,85.9,2.0,3.0,0.2,WIN
78.5,81.0,2.2,1.2,0.8,DRAW
79.3,78.9,1.8,1.4,2.0,LOSE
84.1,76.5,3.0,0.0,3.0,WIN
81.5,78.7,2.0,0.0,2.0,WIN
76.5,77.9,1.4,1.0,1.0,WIN
73.9,73.1,1.6,0.2,3.0,WIN
75.6,77.2,1.4,0.4,0.4,LOSE
79.2,76.2,1.6,0.4,0.6666666666666666,DRAW
76.5,80.2,1.4,1.0,0.8,DRAW
79.6,79.2,1.4,1.4,1.0,WIN
80.5,84.5,2.0,1.8,1.2,WIN
77.5,75.3,0.8,0.8,2.3333333333333335,WIN
72.4,73.8,1.2,1.4,0.0,DRAW
84.0,80.8,2.6,1.0,3.0,WIN
73.6,74.7,1.6,1.8,1.0,LOSE
82.5,81.8,1.8,1.4,1.2,DRAW
77.8,78.5,2.0,1.4,1.2,DRAW
76.1,79.5,1.2,0.8,1.6,WIN
78.6,79.8,1.6,1.4,0.0,LOSE
76.6,77.1,1.6,1.2,1.0,LOSE
77.5,74.2,1.0,1.0,3.0,WIN
72.4,82.2,1.4,1.2,0.0,LOSE
77.3,85.5,2.2,2.4,0.6,DRAW
84.5,76.5,2.6,1.4,2.6,WIN
77.7,73.2,1.4,0.6,2.6,DRAW
82.8,77.5,1.4,0.0,2.0,WIN
79.5,76.2,1.2,0.0,2.3333333333333335,WIN
73.1,79.1,1.4,0.8,1.3333333333333333,LOSE
77.5,73.6,1.6,0.8,0.6666666666666666,DRAW
82.4,73.0,2.0,1.0,1.0,WIN
86.0,76.7,3.0,1.6,3.0,WIN
76.5,77.2,1.6,0.8,2.0,WIN
74.7,78.7,1.2,0.6,1.0,LOSE
81.9,86.0,2.0,1.8,0.6,WIN
72.5,79.8,0.8,2.0,0.0,LOSE
77.6,75.0,1.6,1.8,1.2,LOSE
77.5,76.0,1.4,1.4,2.4,LOSE
73.8,82.4,1.2,1.0,1.2,LOSE
79.0,71.4,2.6,0.2,1.6666666666666667,WIN
76.2,76.7,1.4,1.0,1.0,LOSE
78.2,80.3,1.8,1.0,1.2,WIN
78.4,81.2,1.0,1.2,1.6,WIN
76.1,82.5,2.0,1.0,1.0,WIN
83.8,87.1,2.6,2.0,1.4,WIN
73.3,75.6,1.2,0.8,0.0,LOSE
79.8,76.5,1.6,1.4,0.6,WIN
82.7,76.2,2.0,0.0,2.4,WIN
80.9,78.5,1.6,1.0,1.6666666666666667,LOSE
80.9,75.2,2.0,0.2,2.4,WIN
75.6,76.1,2.2,1.0,0.0,DRAW
76.9,78.4,1.8,0.0,1.8,DRAW
85.3,74.6,3.0,0.4,3.0,WIN
77.4,83.8,0.6,1.2,0.0,WIN
82.7,79.0,2.0,1.4,2.2,WIN
76.7,79.3,1.2,1.0,0.6,LOSE
75.0,71.5,1.0,0.2,2.0,WIN
79.4,80.1,2.6,0.4,1.2,DRAW
84.5,77.4,2.6,1.4,2.0,WIN
76.5,81.1,2.0,2.6,1.0,WIN
78.3,75.6,1.4,2.0,0.8,LOSE
76.1,83.8,1.0,1.4,0.0,LOSE
76.5,82.6,1.4,1.0,0.6,DRAW
78.0,77.4,1.8,1.8,1.4,DRAW
75.5,82.7,0.8,1.6,0.3333333333333333,LOSE
71.5,78.1,0.6,0.2,0.6666666666666666,LOSE
75.0,77.5,1.4,1.2,1.6,WIN
83.7,76.1,3.0,2.0,2.6,DRAW
76.5,80.3,2.6,1.6,1.0,WIN
75.6,84.6,0.8,0.6,0.0,LOSE
80.2,78.1,1.6,1.2,1.3333333333333333,WIN
75.5,76.6,0.2,1.2,1.0,WIN
82.7,80.0,2.0,1.4,1.0,WIN
76.5,79.1,1.0,0.6,1.0,WIN
82.7,77.4,2.6,1.4,1.8,DRAW
80.8,71.4,2.4,0.2,3.0,WIN
76.1,80.8,1.8,2.0,1.3333333333333333,DRAW
83.5,72.3,3.0,0.0,3.0,WIN
77.5,82.7,1.4,1.0,0.6,LOSE
78.4,86.5,2.6,1.4,0.4,WIN
78.9,76.1,1.8,0.2,2.0,DRAW
79.1,76.5,1.6,1.0,3.0,WIN
77.1,82.0,1.2,2.2,0.8,LOSE
75.4,76.2,1.2,1.4,1.8,DRAW
76.8,75.0,1.4,0.2,1.8,WIN
71.4,76.1,0.6,1.6,0.0,LOSE
76.2,77.4,1.0,1.6,1.2,LOSE
82.7,79.1,2.0,0.4,1.8,WIN
76.2,77.4,0.6,1.2,1.8,DRAW
76.5,77.9,2.6,0.6,3.0,LOSE
80.8,75.9,2.0,1.2,1.3333333333333333,WIN
75.2,84.4,2.0,1.2,0.0,LOSE
76.1,79.2,0.8,1.2,0.0,WIN
81.4,76.8,2.6,0.8,1.4,DRAW
86.6,80.8,2.6,1.4,1.6,WIN
76.6,76.5,1.8,0.4,1.6666666666666667,DRAW
80.2,75.0,2.6,0.0,2.0,WIN
77.5,76.2,1.4,0.4,3.0,WIN
77.8,81.1,1.2,0.8,0.2,LOSE
84.5,71.4,3.0,0.0,1.3333333333333333,WIN
77.5,82.3,2.0,2.2,0.2,LOSE
77.7,76.2,1.4,0.0,1.4,LOSE
76.1,82.7,1.2,1.0,0.0,DRAW
80.4,80.4,3.0,2.0,1.3333333333333333,WIN
76.1,75.2,1.8,1.4,1.8,LOSE
72.1,79.5,1.2,1.2,0.0,LOSE
76.1,76.5,0.8,2.2,1.0,WIN
86.5,73.7,2.6,0.0,0,WIN
78.1,76.3,1.4,1.4,1.4,LOSE
72.8,79.7,1.0,0.4,1.0,LOSE
83.1,80.4,2.6,1.2,2.2,LOSE
75.9,79.6,2.4,1.4,2.0,LOSE
75.5,81.5,0.8,1.2,0.2,LOSE
80.4,72.8,1.2,1.2,1.6,WIN
75.3,73.9,0.0,0.6,0,WIN
81.7,76.4,2.2,0.6,2.0,LOSE
79.6,78.3,2.6,1.0,2.4,WIN
77.1,82.5,1.4,1.2,1.4,LOSE
76.3,74.8,1.0,1.8,0.8,LOSE
82.0,87.2,3.0,1.4,0.8,LOSE
79.7,75.2,2.0,2.0,1.4,WIN
75.7,75.6,1.2,0.2,0.5,WIN
80.0,83.9,2.0,1.2,1.75,LOSE
75.0,82.7,0.2,2.6,1.2,LOSE
76.4,80.4,0.8,1.8,0.4,LOSE
72.6,81.5,1.0,1.2,0.2,DRAW
75.1,77.4,1.2,1.6,1.8,LOSE
73.9,74.2,1.8,0.0,0,LOSE
82.6,76.5,2.4,1.4,2.4,DRAW
83.5,78.9,3.0,0.8,2.4,LOSE
78.1,80.9,1.4,1.4,0.0,WIN
75.1,75.7,1.2,0.6,0,LOSE
86.6,80.0,2.6,1.8,1.6,WIN
82.3,76.4,2.4,0.6,3.0,WIN
79.5,74.8,1.6,2.2,1.8,WIN
74.0,84.5,3.0,1.8,0,DRAW
76.5,76.5,0.4,2.0,1.6,WIN
79.0,78.3,2.0,1.0,1.6,LOSE
77.4,72.4,1.4,1.2,2.4,WIN
79.2,74.9,2.6,0.2,0.5,WIN
79.1,74.8,1.8,0.6,2.0,WIN
82.7,82.1,1.6,1.6,1.4,LOSE
76.0,84.3,1.8,1.8,0.0,WIN
80.4,86.0,1.6,1.8,0.6,DRAW
82.5,77.5,2.4,1.6,2.0,DRAW
84.4,80.2,2.4,1.2,3.0,WIN
76.4,81.8,0.8,3.0,1.2,LOSE
75.9,74.8,1.2,0.6,0,DRAW
76.1,76.1,0.8,2.0,1.4,DRAW
82.7,78.3,2.0,1.6,2.0,DRAW
77.7,76.0,1.8,1.2,2.5,LOSE
73.7,76.5,1.2,1.4,1.75,DRAW
74.4,79.2,2.0,0.8,0,LOSE
76.0,73.8,2.4,1.5,0,LOSE
78.3,84.2,1.4,2.0,0.0,DRAW
75.0,76.0,1.2,0.6,0.0,LOSE
81.8,82.9,1.0,1.4,2.2,DRAW
86.2,74.9,2.6,0.2,3.0,WIN
77.6,79.2,2.0,1.8,1.0,WIN
79.1,76.7,1.8,1.0,1.5,DRAW
80.4,77.9,2.6,1.4,0.8,LOSE
76.0,73.5,0.2,1.2,1.5,DRAW
76.6,83.0,1.0,2.2,0.8,LOSE
78.5,76.9,2.0,1.2,1.75,WIN
74.6,85.4,0.8,2.2,0.0,LOSE
76.6,82.5,0.4,1.0,0.2,LOSE
83.4,78.4,2.6,1.6,2.6,WIN
75.9,77.5,2.4,1.6,0.25,LOSE
76.2,77.0,0.6,1.8,1.0,WIN
82.5,80.0,0.6,0.6,1.0,LOSE
82.6,74.5,1.6,1.6,2.0,WIN
75.7,73.5,0.6,0.8,0,WIN
73.5,76.9,1.3333333333333333,1.8,0,LOSE
75.6,77.3,0.4,1.0,1.0,DRAW
76.6,76.2,2.0,1.2,0.2,WIN
79.8,82.4,1.6,3.0,1.0,LOSE
76.6,73.1,1.0,2.0,0,WIN
82.3,75.5,2.0,0.0,0.5,WIN
78.4,75.5,1.6,0.8,3.0,WIN
72.0,82.9,1.2,2.6,1.2,LOSE
77.4,78.5,1.2,1.4,1.25,WIN
84.9,85.8,2.4,1.4,1.4,DRAW
80.0,76.0,2.4,1.6,2.25,LOSE
75.5,81.9,1.2,1.6,1.2,LOSE
76.0,75.7,1.8,1.4,2.0,LOSE
82.7,84.9,1.6,2.2,0.8,WIN
82.8,73.5,0.4,0.2,1.4,WIN
75.4,79.5,0.6,1.8,1.5,LOSE
75.1,78.4,0.2,1.0,2.0,LOSE
75.0,80.5,1.0,1.2,0,DRAW
83.3,78.7,3.0,2.4,2.6,WIN
77.3,76.1,0.2,1.2,0.6,WIN
79.2,76.9,2.0,2.0,1.75,DRAW
76.4,75.7,1.6,1.2,1.6,LOSE
75.6,81.5,0.6,1.6,0.0,DRAW
83.7,75.1,2.0,1.0,2.6,WIN
78.5,75.0,1.4,1.5,0,LOSE
73.3,74.1,1.0,0.0,0,WIN
76.9,82.6,2.4,3.0,0.8,LOSE
82.3,81.4,2.0,2.6,1.8,DRAW
80.3,80.0,1.8,1.2,1.25,LOSE
77.4,75.3,1.2,0.2,2.0,LOSE
78.3,75.7,1.6,2.2,1.5,WIN
77.2,78.7,0.6,1.8,1.2,DRAW
84.3,75.3,2.0,0.8,3.0,WIN
78.4,81.7,2.0,3.0,1.6,LOSE
82.5,75.0,1.6,1.8,0,WIN
73.6,76.7,1.0,1.2,1.4,LOSE
74.0,78.5,0.2,2.4,0.0,LOSE
82.8,80.2,1.6,1.4,1.6,WIN
81.3,79.8,3.0,1.8,3.0,WIN
75.1,76.9,0.6,1.6,0.6,LOSE
75.5,78.4,1.0,1.4,0,LOSE
78.5,74.1,1.6,2.0,3.0,LOSE
75.9,72.6,1.2,0.2,1.0,WIN
82.5,84.9,0.8,1.6,1.8,DRAW
78.5,82.4,1.4,2.2,1.6,WIN
77.5,75.1,1.8,0.0,3.0,WIN
76.7,82.7,1.4,2.6,0.2,DRAW
75.5,85.4,0.6,1.2,0.0,DRAW
79.3,76.0,1.2,1.4,2.2,WIN
79.5,77.2,1.2,0.4,2.6,LOSE
78.5,82.2,1.6,1.6,1.0,WIN
83.6,72.6,2.0,0.2,3.0,DRAW
78.7,77.5,0.6,2.2,2.0,DRAW
75.5,75.6,0.4,1.6,0,WIN
79.3,78.3,1.2,1.4,1.2,LOSE
75.3,73.6,0.8,0.8,2.0,DRAW
78.5,76.6,2.0,1.2,1.0,DRAW
83.3,83.0,3.0,2.2,2.6,WIN
75.5,77.2,1.2,1.0,2.0,DRAW
74.5,82.3,0.2,3.0,0.5,LOSE
77.3,85.3,1.0,0.8,0.0,LOSE
77.3,84.5,2.4,1.2,0.6,LOSE
77.7,78.6,1.4,0.8,0.8,WIN
76.0,75.7,1.8,0.8,2.0,DRAW
74.7,74.4,0.6,0.0,0.5,DRAW
82.7,79.8,2.2,2.4,2.4,LOSE
82.2,75.5,1.0,1.8,0,WIN
72.6,75.8,1.0,2.4,2.0,LOSE
77.3,76.4,0.8,1.2,1.25,WIN
82.5,78.2,2.2,2.0,1.0,WIN
79.8,81.8,1.2,3.0,0.2,DRAW
75.8,76.4,0.8,1.4,1.5,WIN
75.3,76.1,1.0,1.8,1.5,DRAW
77.3,81.9,0.2,1.4,1.0,WIN
84.0,75.5,2.2,1.0,2.0,WIN
73.4,76.4,0.2,1.4,1.5,LOSE
74.6,75.6,0.8,1.2,0,WIN
76.6,74.8,1.6,1.0,0.6,DRAW
85.4,72.5,3.0,0.4,1.8,DRAW
78.9,82.2,1.6,1.6,1.5,DRAW
75.7,75.8,1.0,2.4,1.8,DRAW
81.0,75.4,2.2,2.4,3.0,DRAW
74.2,77.7,0.8,0.8,2.2,LOSE
76.8,73.9,1.4,0.2,0.5,WIN
77.0,78.2,1.8,1.4,0.0,DRAW
72.0,74.6,0.8,1.2,0,LOSE
83.2,75.5,1.6,1.2,0.75,WIN
75.6,83.5,1.4,1.4,0.0,DRAW
77.8,77.6,1.4,1.4,1.4,LOSE
83.0,75.6,2.0,2.0,2.5,WIN
83.0,74.6,2.0,1.2,0,WIN
76.0,74.7,1.0,0.2,0.0,WIN
74.5,77.5,0.6,0.6,1.5,DRAW
73.1,78.6,0.6,1.4,0.8,LOSE
75.8,79.8,1.6,2.0,1.2,LOSE
83.1,82.8,2.2,1.6,1.2,LOSE
76.5,86.6,1.4,1.4,0.0,WIN
73.9,76.2,0.0,0.8,0.0,WIN
78.8,78.1,1.6,2.0,1.75,LOSE
76.8,83.4,2.0,2.6,0.8,LOSE
83.6,74.6,2.2,1.0,3.0,WIN
82.0,75.5,2.4,1.0,3.0,DRAW
78.9,76.0,0.8,0.8,1.2,DRAW
79.3,72.6,1.0,0.4,0,LOSE
74.3,75.1,1.4,1.0,0,LOSE
78.2,76.8,1.6,1.0,0.6,WIN
75.3,82.0,1.2,1.2,0.0,LOSE
79.8,75.5,1.4,1.8,1.4,WIN
74.3,81.5,0.6,1.2,2.0,LOSE
86.7,83.0,2.6,2.6,1.6,DRAW
84.5,75.8,2.6,1.0,1.6,WIN
79.5,75.5,1.0,0.6,2.4,WIN
78.1,72.7,1.6,1.0,1.6,WIN
79.8,80.5,1.4,1.2,1.4,WIN
84.5,75.9,2.6,1.4,2.5,WIN
75.2,82.7,0.6,2.2,0.0,LOSE
84.6,77.3,2.2,0.8,2.6,LOSE
75.6,76.2,0.8,0.6,1.5,WIN
76.5,75.6,1.0,1.2,0.0,LOSE
76.1,78.2,1.0,2.0,1.6,LOSE
73.2,83.4,0.6,2.0,0.2,LOSE
74.9,79.2,1.4,1.4,1.0,LOSE
76.9,75.9,2.0,1.4,0.6666666666666666,WIN
81.8,78.1,1.6,0.8,1.4,DRAW
75.1,75.6,0.6,1.0,0.6666666666666666,DRAW
78.9,79.0,1.2,2.0,1.8,DRAW
82.5,73.2,2.6,0.2,2.3333333333333335,LOSE
81.7,86.3,2.0,1.2,0.0,LOSE
79.6,76.6,1.4,0.0,1.0,LOSE
77.2,77.5,1.0,0.4,0.8,WIN
72.9,75.8,0.0,1.2,0.0,DRAW
83.3,73.8,2.6,0.8,3.0,WIN
79.0,83.1,1.6,2.2,2.2,DRAW
77.1,75.9,1.4,0.8,2.6,LOSE
81.1,77.1,1.6,1.4,2.6,WIN
78.3,74.5,2.0,1.2,3.0,LOSE
78.2,83.2,1.6,1.6,0.2,LOSE
75.1,81.5,0.6,1.2,0.6,WIN
74.7,73.5,0.6,1.0,0.0,WIN
79.4,79.2,0.8,1.8,1.6,WIN
82.3,75.9,2.0,1.2,1.8,WIN
76.5,76.7,1.0,1.0,1.4,LOSE
76.9,84.5,2.0,2.0,0.0,LOSE
75.4,79.1,0.6,2.2,1.3333333333333333,LOSE
73.9,78.4,1.4,2.6,3.0,LOSE
75.8,77.9,1.4,2.0,0.6,LOSE
81.6,74.3,1.6,1.0,2.6,LOSE
81.7,81.1,1.4,0.6,0.8,LOSE
75.7,78.3,1.4,1.8,1.2,WIN
77.0,74.4,1.8,1.6,1.6,DRAW
76.7,77.5,0.4,1.0,2.0,WIN
75.7,78.0,0.4,2.0,0.0,DRAW
82.7,78.7,2.4,2.6,1.6,DRAW
83.0,73.5,0.8,1.0,1.6,WIN
79.5,79.1,1.4,2.2,1.0,DRAW
85.6,83.4,1.0,2.6,1.0,LOSE
73.4,81.2,1.2,1.2,1.3333333333333333,LOSE
73.9,75.2,1.2,1.0,0.0,WIN
80.9,85.0,1.4,2.0,0.2,WIN
75.7,77.2,1.4,0.8,1.8,LOSE
83.7,81.8,3.0,1.0,1.4,WIN
74.5,75.9,1.2,0.8,1.3333333333333333,DRAW
77.7,80.5,0.8,0.4,1.0,LOSE
74.2,82.8,0.2,1.8,0.8,DRAW
79.2,72.7,1.8,1.8,1.0,WIN
78.5,76.3,1.4,0.8,2.0,LOSE
76.5,74.5,1.6,0.8,1.3333333333333333,WIN
80.5,76.3,1.6,0.6,2.4,WIN
76.7,76.3,1.4,1.4,1.5,DRAW
78.0,84.5,0.8,3.0,0.0,LOSE
80.5,72.5,1.0,1.8,3.0,WIN
77.5,81.6,0.8,1.8,1.0,DRAW
76.9,74.1,1.0,0.8,1.0,DRAW
85.6,78.7,0.4,2.6,1.8,LOSE
75.3,73.4,0.4,0.6,1.0,WIN
78.2,81.6,2.0,0.8,0.8,WIN
75.3,80.2,2.0,1.8,0.8,LOSE
79.9,84.5,2.2,3.0,0.0,LOSE
82.3,76.4,2.0,0.6,2.4,WIN
74.5,75.7,1.2,0.8,1.6,LOSE
73.5,75.9,1.8,0.4,0,WIN
84.2,76.2,3.0,2.2,2.6,WIN
73.5,74.6,0.4,1.6,1.3333333333333333,WIN
73.5,73.3,1.8,0.8,3.0,LOSE
77.4,80.5,0.8,1.0,0.8,DRAW
76.2,76.1,1.4,1.4,3.0,DRAW
79.5,78.8,2.0,1.8,2.0,LOSE
83.1,76.9,1.4,1.2,2.0,WIN
81.4,81.6,1.6,1.8,0.6,DRAW
73.4,82.5,1.2,1.4,0.0,LOSE
79.3,77.3,0.2,0.2,1.4,WIN
85.6,78.8,3.0,1.2,1.4,WIN
77.2,79.5,1.2,2.2,0.8,DRAW
73.0,73.3,1.2,1.4,1.3333333333333333,WIN
76.5,81.5,1.4,1.4,1.4,DRAW
73.5,78.5,1.0,2.6,0.4,LOSE
75.5,83.4,0.8,0.8,0.3333333333333333,LOSE
85.7,82.3,0.2,2.0,2.6,LOSE
77.1,80.4,0.8,1.8,0.8,DRAW
73.2,75.6,1.2,0.0,0.0,LOSE
75.2,80.5,1.8,1.0,1.0,DRAW
75.3,77.9,1.2,1.8,0.4,LOSE
73.5,77.1,1.0,0.6,1.4,DRAW
78.9,76.0,0.0,1.4,2.3333333333333335,LOSE
84.2,81.4,3.0,1.4,1.4,LOSE
83.0,76.2,1.4,1.4,2.2,WIN
81.0,79.1,1.6,2.6,0.8,WIN
78.2,74.8,2.4,1.2,3.0,WIN
84.5,76.9,2.4,0.6,2.4,WIN
77.0,73.6,0.8,1.4,0.6,DRAW
73.6,82.5,1.2,2.0,0.0,DRAW
76.6,73.5,1.0,0.8,2.0,WIN
78.8,76.8,0.8,1.2,2.0,LOSE
75.4,83.8,0.8,3.0,0.0,LOSE
75.1,75.1,0.8,1.4,2.2,LOSE
80.2,73.2,1.8,0.6,3.0,WIN
78.9,83.2,1.6,1.2,1.0,WIN
80.8,76.5,2.0,2.0,1.4,WIN
80.7,85.2,1.4,1.8,0.0,LOSE
75.2,73.6,0.8,1.2,0.0,LOSE
75.1,77.4,1.0,0.8,1.8,WIN
78.0,80.5,2.4,1.4,0.6,DRAW
75.3,79.9,1.4,0.6,0.0,LOSE
82.2,73.7,2.2,0.2,2.6,LOSE
74.5,74.9,1.4,0.6,3.0,WIN
78.9,85.4,1.8,3.0,1.2,LOSE
80.7,85.2,2.0,2.4,0.8,LOSE
77.1,76.8,0.2,1.8,1.0,WIN
75.9,79.9,1.0,1.2,0.8,DRAW
75.1,76.1,0.8,1.8,3.0,WIN
82.1,75.1,2.0,2.0,2.4,WIN
79.4,76.6,0.6,1.2,2.2,DRAW
79.4,77.8,1.4,1.4,2.4,LOSE
75.9,79.4,0.8,1.0,0.3333333333333333,LOSE
82.8,74.5,2.4,1.2,1.0,LOSE
84.2,75.2,0.0,1.6,2.4,WIN
76.6,81.2,1.6,2.2,0.0,LOSE
75.6,76.1,1.0,0.8,0.8,LOSE
77.6,79.6,2.0,2.2,1.0,WIN
81.6,82.3,1.8,1.4,1.4,LOSE
74.4,78.9,1.2,1.0,1.3333333333333333,LOSE
73.6,77.1,1.2,0.6,0.6,WIN
75.1,78.5,1.4,2.0,1.2,DRAW
78.8,81.6,0.8,1.4,1.0,DRAW
76.6,76.2,1.2,1.4,1.4,WIN
79.8,73.5,1.4,0.0,1.3333333333333333,WIN
76.9,75.7,1.4,1.6,3.0,DRAW
81.6,76.3,2.6,1.2,2.0,WIN
73.0,85.8,2.0,2.4,0.0,DRAW
81.1,74.7,2.0,1.4,2.6,DRAW
82.5,75.9,1.8,0.6,1.8,WIN
73.5,83.1,1.4,3.0,0.2,LOSE
78.5,73.6,1.2,0.8,2.0,WIN
77.7,79.6,1.4,1.6,1.4,LOSE
86.8,76.6,0.6,0.8,2.6,DRAW
77.5,82.5,2.6,2.2,1.4,LOSE
74.1,75.0,0.6,1.0,1.6666666666666667,WIN
79.7,77.2,1.4,1.2,1.0,LOSE
73.0,80.8,1.6,1.8,0.0,DRAW
75.3,73.9,0.8,0.8,1.3333333333333333,DRAW
78.5,76.3,1.8,1.4,1.4,WIN
75.5,78.5,0.8,1.6,1.2,DRAW
75.5,84.3,1.0,3.0,0.8,LOSE
74.9,72.9,1.0,1.2,3.0,WIN
80.9,75.7,1.6,1.2,3.0,WIN
79.1,75.4,1.0,1.0,1.75,LOSE
77.0,79.5,1.8,1.6,0.0,LOSE
83.2,75.4,2.4,0.0,1.3333333333333333,WIN
73.5,75.2,1.6,1.6,3.0,DRAW
77.2,78.1,0.8,0.8,1.8,LOSE
80.1,77.5,1.8,1.0,2.4,LOSE
72.9,83.2,1.2,1.6,0.0,WIN
74.6,76.1,1.2,0.8,2.0,LOSE
83.9,81.1,1.8,2.2,1.8,LOSE
82.7,75.4,0.8,0.6,2.4,WIN
74.9,74.6,1.2,0.8,0.8,WIN
75.4,81.6,1.0,1.8,0.2,LOSE
78.1,79.1,2.0,2.0,1.4,LOSE
77.3,73.7,0.8,1.0,2.0,WIN
75.8,77.2,0.6,1.2,1.3333333333333333,LOSE
78.7,77.9,2.6,1.6,2.6,LOSE
77.1,75.4,1.0,1.4,1.6,WIN
80.8,78.7,1.6,2.2,1.4,LOSE
82.1,82.4,2.4,2.0,0.6,LOSE
74.6,79.3,0.8,2.0,1.4,DRAW
77.1,81.4,1.2,3.0,0.8,LOSE
76.0,74.1,0.6,1.2,0.0,LOSE
77.2,73.3,1.6,1.0,1.3333333333333333,WIN
73.5,78.2,1.4,1.2,1.4,DRAW
75.4,73.2,1.0,1.4,1.2,WIN
82.5,76.6,2.4,1.2,1.4,WIN
73.3,81.7,1.6,2.6,0.6,LOSE
79.6,75.5,1.0,0.0,2.0,LOSE
81.6,73.3,1.8,0.8,3.0,DRAW
75.2,75.6,2.0,1.8,0.0,LOSE
73.1,82.6,1.6,3.0,0.0,WIN
82.5,78.5,1.4,1.6,0.6,WIN
79.4,76.8,0.4,1.0,1.4,WIN
77.1,75.2,1.0,0.6,2.0,WIN
82.1,75.5,2.4,0.8,3.0,LOSE
76.0,78.6,1.4,2.2,1.4,LOSE
75.9,83.3,0.4,2.6,0.8,LOSE
73.5,77.5,1.0,1.4,1.0,LOSE
79.5,74.6,1.4,0.8,1.0,WIN
75.5,81.9,1.0,2.6,0.2,WIN
71.7,76.9,0.0,1.6,0.6666666666666666,LOSE
75.2,72.8,1.8,0.8,3.0,WIN
78.2,82.9,1.8,1.0,1.2,LOSE
83.3,76.3,1.4,0.8,3.0,WIN
84.0,78.9,1.2,1.6,3.0,WIN
75.5,74.9,1.2,1.8,1.3333333333333333,WIN
78.2,77.1,1.4,0.6,2.6,WIN
79.0,77.5,1.2,2.2,1.2,LOSE
74.5,76.6,0.0,2.6,0,WIN
82.2,76.6,1.4,2.4,2.0,WIN
77.3,75.7,0.2,0.2,1.2,LOSE
82.2,75.5,1.4,0.8,3.0,WIN
79.8,75.1,1.0,0.0,1.4,WIN
81.0,77.4,1.2,1.0,1.2,WIN
73.8,78.0,1.4,1.4,2.25,WIN
74.6,83.3,0.0,2.6,0.25,LOSE
75.4,79.2,1.4,2.0,2.0,LOSE
80.7,84.8,1.8,2.4,1.4,WIN
83.3,77.1,2.0,1.2,2.0,WIN
85.5,74.6,1.2,0.0,1.75,WIN
77.5,75.6,1.0,2.0,1.8,WIN
75.9,74.5,1.2,0.0,0,DRAW
76.9,80.0,2.2,1.6,1.5,DRAW
76.2,73.5,2.2,0.0,1.6,WIN
75.1,82.5,2.0,2.6,0.4,DRAW
78.7,80.7,1.2,1.6,1.4,LOSE
78.0,83.5,1.4,2.0,2.0,LOSE
79.2,81.0,1.4,1.4,1.4,WIN
85.5,79.0,1.8,2.4,3.0,WIN
75.3,75.1,1.2,0.0,2.4,DRAW
74.6,80.9,0.0,0.8,1.0,LOSE
76.5,73.9,1.6,1.0,0,DRAW
76.1,79.8,2.2,1.6,1.4,LOSE
79.2,75.9,1.8,0.6,1.0,DRAW
85.0,84.0,2.6,2.4,2.4,DRAW
77.4,77.4,0.0,1.8,0.0,DRAW
81.5,74.1,2.4,0.0,1.6,WIN
78.7,83.4,1.2,2.2,1.0,LOSE
75.9,80.6,0.8,1.6,0.4,WIN
78.8,73.7,1.4,0.0,2.0,WIN
73.8,76.9,3.0,0.8,0,LOSE
80.8,85.5,1.8,1.8,0.6,LOSE
85.1,75.3,1.4,2.0,2.4,WIN
74.9,79.2,1.6,2.0,0.2,DRAW
74.0,78.7,1.8,0.8,1.5,LOSE
82.9,75.8,2.0,1.2,2.0,WIN
77.6,84.9,1.8,2.6,0.5,LOSE
79.7,77.4,1.4,1.2,1.4,WIN
75.4,77.3,0.8,1.4,0.0,DRAW
78.7,73.8,0.6,1.0,0,LOSE
74.5,75.4,0.0,0.0,0.75,LOSE
77.4,80.0,0.2,1.8,1.0,LOSE
83.8,75.9,2.2,0.8,3.0,WIN
84.8,75.2,1.8,0.2,2.4,DRAW
76.9,78.3,1.6,1.6,1.6,WIN
76.8,81.5,2.0,1.4,0.2,WIN
79.3,84.6,1.4,2.2,0.8,LOSE
82.6,83.3,2.4,2.0,0.2,LOSE
84.0,86.2,2.4,1.8,1.2,LOSE
84.6,77.0,1.4,1.2,2.6,LOSE
75.4,75.3,1.8,1.4,1.6,DRAW
79.0,74.5,1.8,0.0,1.75,WIN
75.4,79.3,1.6,2.2,0.0,LOSE
81.0,77.5,1.2,1.2,2.0,DRAW
74.5,85.0,1.5,3.0,0,DRAW
75.5,78.4,1.6,0.8,1.0,LOSE
79.9,82.0,1.8,1.4,1.0,WIN
75.9,76.7,1.4,1.2,1.6,DRAW
82.7,78.4,1.4,1.0,1.2,DRAW
76.4,74.5,0.2,0.0,3.0,DRAW
82.2,74.4,1.8,0.4,1.2,WIN
76.7,75.5,1.4,0.6,0,WIN
78.6,75.3,0.6,1.4,1.0,WIN
76.8,79.5,2.0,1.8,1.4,DRAW
75.9,79.5,1.6,1.2,0.8,DRAW
82.4,77.0,1.8,1.2,2.4,WIN
79.3,73.8,1.4,1.6666666666666667,0,LOSE
84.3,86.2,2.6,1.8,0.8,DRAW
75.4,83.0,1.4,2.6,0.6,LOSE
77.7,78.3,2.2,1.2,1.0,LOSE
81.0,84.5,0.8,2.6,0.8,WIN
85.5,76.7,2.0,0.8,3.0,WIN
74.5,76.8,0.0,1.4,0.0,DRAW
73.8,75.2,1.0,1.6,0.0,WIN
74.4,81.9,1.3333333333333333,2.0,0,LOSE
78.8,78.2,2.4,2.2,2.0,LOSE
75.6,82.4,1.0,1.2,1.0,LOSE
80.0,75.7,2.4,0.2,1.2,DRAW
78.7,77.7,2.0,1.2,1.2,WIN
82.3,74.5,2.4,0.2,3.0,WIN
75.5,75.5,1.2,0.8,1.8,DRAW
77.8,75.0,2.4,0.6,1.4,LOSE
76.1,78.2,1.4,1.8,0.0,DRAW
73.9,76.9,1.0,0.2,1.4,DRAW
76.9,85.6,2.0,1.4,0.6,LOSE
74.4,81.0,1.0,0.8,0,LOSE
78.2,82.4,1.4,1.8,1.4,WIN
83.7,84.1,1.6,2.6,0.6,LOSE
80.0,78.7,1.4,1.4,2.0,LOSE
77.6,73.2,0.4,2.0,0,WIN
84.3,76.7,2.2,1.6,2.0,DRAW
86.2,76.0,2.6,0.4,2.6,LOSE
75.5,83.7,1.0,2.0,0.6,LOSE
74.5,75.5,0.8,0.4,0.6,LOSE
82.0,84.3,1.8,2.0,0.8,LOSE
73.8,76.7,0.2,1.0,0,LOSE
77.0,78.2,2.0,2.6,0.4,LOSE
78.5,78.5,0.6,1.0,1.2,WIN
75.5,77.8,1.2,0.6,2.4,WIN
83.2,86.0,1.4,2.0,2.0,LOSE
73.6,73.9,0.8,0.2,0,LOSE
83.1,77.6,2.4,0.4,2.6,DRAW
76.0,78.5,1.4,2.0,1.4,WIN
76.7,75.5,1.4,0.4,1.8,DRAW
77.9,76.2,2.0,1.2,2.6,WIN
78.4,82.2,1.8,1.2,1.2,DRAW
77.0,81.5,1.0,1.4,1.5,DRAW
78.2,85.3,1.4,2.6,0.2,WIN
80.2,83.0,1.4,2.6,1.2,LOSE
77.2,75.5,1.4,1.8,1.25,WIN
77.6,76.0,1.0,1.0,1.8,DRAW
75.5,72.5,0.4,1.6,0,DRAW
74.6,75.2,0.2,1.0,0.75,WIN
75.6,84.3,0.8,2.0,0.6,WIN
78.6,77.9,1.2,2.6,1.8,WIN
84.4,78.7,1.8,1.4,2.4,WIN
83.9,78.4,2.0,1.0,3.0,WIN
81.5,75.3,1.8,1.0,1.5,WIN
78.7,75.9,2.6,0.6,3.0,WIN
75.6,77.5,1.8,0.6,1.2,LOSE
85.5,74.6,1.8,1.0,2.4,WIN
74.3,78.5,0.8,2.0,0.0,DRAW
77.2,77.3,1.0,1.0,3.0,DRAW
73.1,78.2,0.2,0.8,0,WIN
80.5,74.1,0.8,1.2,2.0,WIN
86.1,77.7,2.0,2.0,2.6,WIN
81.2,82.3,2.0,1.8,0.6,DRAW
76.0,73.8,0.6,0.8,1.0,DRAW
76.2,75.8,1.0,1.2,1.5,WIN
73.7,81.3,0.8,2.6,0.6,LOSE
78.0,76.0,1.4,1.2,1.0,DRAW
78.2,76.5,1.8,0.6,0.4,DRAW
74.6,80.5,1.6,1.6,1.4,DRAW
77.9,85.2,1.4,2.6,0.0,LOSE
79.4,85.9,1.4,2.0,1.2,LOSE
81.9,73.1,1.8,1.6,0,WIN
83.2,78.5,0.8,1.4,0.4,WIN
77.6,82.2,1.4,3.0,1.2,WIN
76.3,76.9,0.6,0.8,2.0,WIN
73.7,76.7,1.6,0.8,2.0,DRAW
78.4,85.9,2.0,2.0,0.0,LOSE
73.8,86.0,0.8,2.6,0.0,LOSE
76.6,71.6,1.6,1.4,0,DRAW
83.2,75.7,0.8,1.0,1.4,WIN
81.5,73.1,1.8,1.0,2.5,WIN
77.2,79.0,1.2,1.2,0.8,WIN
78.5,79.5,0.8,1.4,2.0,WIN
71.6,74.0,0.8,1.2,0,WIN
86.0,78.6,2.0,1.6,1.8,WIN
79.5,72.9,2.6,0.8,2.2,WIN
82.5,75.8,1.6,1.0,2.0,WIN
85.5,77.0,2.2,1.2,2.4,WIN
73.6,83.2,1.0,1.4,0.75,LOSE
77.3,78.4,1.2,1.8,1.8,DRAW
79.5,76.3,1.4,0.6,1.8,WIN
75.8,78.3,1.2,0.2,0.6,WIN
73.5,77.4,1.0,0.6,0.75,LOSE
86.5,75.8,2.4,0.8,0.5,WIN
75.9,78.2,1.2,1.0,0.8,LOSE
74.9,72.4,1.6,0.6,1.0,DRAW
79.5,78.5,2.6,1.4,2.0,WIN
82.1,74.8,2.2,0.2,1.2,DRAW
84.5,75.5,2.2,0.4,2.2,WIN
73.9,79.5,1.8,0.8,0.5,LOSE
77.5,83.0,2.0,2.4,1.0,DRAW
75.5,86.9,1.0,2.6,0.8,LOSE
81.0,81.9,2.4,2.4,0.0,DRAW
86.7,77.6,2.4,1.2,2.4,WIN
72.7,79.5,0.8,1.2,0.4,LOSE
81.5,75.2,2.0,1.0,1.6,WIN
78.6,74.5,2.0,0.8,2.2,LOSE
77.2,82.5,1.2,2.0,0.8,LOSE
76.2,71.5,0.6,1.0,3.0,WIN
75.8,83.2,1.0,1.4,0.6,DRAW
74.5,77.4,0.6,0.8,0.6,LOSE
75.5,72.0,1.6,1.0,2.5,WIN
76.2,81.9,1.8,0.8,1.2,DRAW
78.7,84.3,1.8,2.0,0.8,WIN
83.2,76.3,1.8,0.8,2.2,DRAW
70.9,85.2,1.2,3.0,0,LOSE
83.4,76.5,1.4,0.6,2.0,WIN
79.5,86.0,3.0,3.0,0.0,LOSE
73.9,81.9,0.6,1.0,1.0,LOSE
75.5,77.6,2.0,0.8,1.6,LOSE
72.4,77.0,1.2,1.2,1.0,WIN
77.8,76.8,0.8,0.8,2.0,LOSE
76.2,76.5,1.2,0.6,2.3333333333333335,WIN
83.0,82.0,1.4,1.4,0.8,DRAW
83.2,78.7,1.8,1.0,2.2,LOSE
74.6,72.5,1.4,0.4,0,WIN
78.6,73.6,2.0,0.8,2.0,WIN
76.6,75.0,1.0,0.8,0.6,DRAW
86.1,82.8,3.0,2.0,1.8,WIN
75.8,73.9,1.2,0.6,1.2,DRAW
73.5,77.8,0.8,0.2,0.8,WIN
78.2,74.6,1.6,0.8,2.2,WIN
77.7,80.4,1.2,1.6,0.8,DRAW
83.9,72.7,2.6,0.4,1.0,WIN
78.6,76.3,2.0,0.8,3.0,LOSE
75.5,83.5,1.2,1.4,0.6,DRAW
77.5,80.5,1.8,1.6,1.2,LOSE
72.9,81.1,1.8,1.2,0,LOSE
73.6,73.1,0.6,0.8,2.4,LOSE
78.5,78.1,0.8,1.2,0.4,LOSE
74.3,77.5,1.8,1.4,3.0,LOSE
76.8,76.1,1.6,0.4,2.3333333333333335,LOSE
81.5,78.8,1.8,1.4,2.0,WIN
76.5,86.5,1.8,3.0,0.8,DRAW
78.4,76.5,2.4,0.4,1.6,DRAW
75.4,83.9,1.4,1.6,0.0,LOSE
78.2,76.2,1.8,1.2,2.0,DRAW
82.5,79.7,1.4,1.6,2.6,WIN
77.2,74.2,1.2,0.8,2.0,DRAW
79.0,74.6,1.4,0.4,2.4,WIN
76.5,78.3,1.2,0.2,2.0,WIN
77.5,84.0,1.4,1.8,0.6,DRAW
73.2,75.5,0.8,0.4,0.2,DRAW
82.3,76.5,2.6,0.8,2.0,LOSE
86.5,73.2,3.0,0.2,3.0,WIN
78.1,76.8,1.4,0.8,1.5,DRAW
78.5,79.5,1.6,1.2,2.0,LOSE
84.7,77.9,3.0,1.0,1.8,WIN
85.2,76.5,2.4,1.4,1.8,DRAW
74.0,75.8,1.2,0.4,1.0,DRAW
78.4,76.8,0.8,1.0,1.3333333333333333,WIN
74.6,76.5,0.0,1.4,1.0,LOSE
73.8,85.1,0.8,2.6,0.8,LOSE
77.2,85.6,1.4,1.6,0.8,LOSE
76.3,78.2,1.6,1.8,0.4,WIN
81.8,76.5,2.0,2.0,2.0,LOSE
79.9,78.7,2.0,1.4,1.2,DRAW
82.1,77.3,2.0,1.8,3.0,WIN
78.5,75.3,1.8,0.8,0.8,DRAW
79.7,73.8,2.0,0.2,0.0,WIN
78.5,75.2,1.0,0.4,0.6,LOSE
76.0,76.4,1.2,0.4,1.8,LOSE
75.5,83.8,1.4,1.0,0.0,LOSE
83.6,73.8,3.0,0.8,2.6,WIN
74.9,78.4,1.4,0.2,0.8,WIN
86.6,83.0,3.0,1.6,0.8,LOSE
76.0,84.5,1.4,1.8,0.3333333333333333,LOSE
78.6,78.7,1.0,0.4,0.6,WIN
76.9,83.0,0.8,2.0,0.8,WIN
75.2,74.7,0.0,0.6,1.6,LOSE
85.4,76.4,3.0,0.8,2.3333333333333335,WIN
79.5,78.6,2.0,2.4,1.4,WIN
74.9,73.8,1.8,0.6,1.8,WIN
76.6,81.9,0.8,1.8,1.0,LOSE
74.0,75.3,0.8,0.8,1.0,LOSE
74.7,76.9,0.8,0.8,0.8,DRAW
82.4,74.7,2.0,1.0,1.8,DRAW
76.9,78.3,1.0,1.2,1.0,LOSE
78.2,86.5,1.2,2.6,0.0,LOSE
77.7,75.8,1.4,2.4,1.2,WIN
77.6,79.0,1.2,0.2,1.0,LOSE
78.9,76.7,1.6,0.8,1.3333333333333333,WIN
78.2,74.6,1.0,1.6,0.6,WIN
76.6,83.5,1.0,1.6,0.2,LOSE
75.3,75.9,1.6,1.6,0.6,WIN
74.1,74.3,0.8,0.0,3.0,LOSE
77.0,75.6,1.4,1.2,1.4,LOSE
85.4,77.9,3.0,1.4,2.4,WIN
74.6,79.5,0.0,1.8,0.2,LOSE
86.0,81.5,2.4,1.8,0.8,WIN
82.8,78.6,1.4,0.2,1.2,WIN
79.1,75.0,1.4,1.2,1.8,WIN
74.9,75.5,2.2,1.4,0.8,LOSE
74.7,82.8,0.8,2.0,0.0,LOSE
76.6,78.4,0.6,1.8,1.3333333333333333,LOSE
76.5,85.7,1.0,1.6,1.0,LOSE
74.3,76.9,0.8,1.0,0.0,WIN
83.7,83.5,1.6,1.8,2.0,WIN
82.7,75.8,1.8,2.0,2.4,WIN
77.7,78.7,1.2,1.8,1.8,LOSE
76.5,74.4,0.6,0.6,3.0,WIN
76.1,75.2,2.0,1.0,2.2,LOSE
77.7,78.4,2.0,1.8,2.2,WIN
79.5,78.2,2.0,0.6,1.4,WIN
75.6,86.0,0.8,2.6,0.8,DRAW
77.2,83.5,0.4,1.2,1.2,LOSE
79.5,85.9,2.0,2.0,0.6,LOSE
77.4,75.8,0.6,2.0,0.8,WIN
79.1,76.1,1.8,0.8,2.3333333333333335,LOSE
77.9,80.1,1.0,2.4,1.8,LOSE
78.6,74.5,1.6,0.6,3.0,WIN
83.5,77.5,1.4,1.4,1.4,WIN
84.2,75.4,3.0,1.4,2.4,WIN
77.0,78.3,1.2,1.8,2.0,WIN
76.5,74.5,0.6,1.4,2.0,DRAW
83.3,73.8,1.8,0.6,3.0,LOSE
76.7,85.5,0.8,2.2,0.0,LOSE
76.7,74.5,0.2,0.6,2.3333333333333335,DRAW
81.9,78.8,2.2,0.6,1.4,DRAW
78.5,78.6,2.0,0.2,1.4,WIN
83.3,76.3,1.8,1.4,1.6,WIN
75.8,79.0,0.4,3.0,0.8,WIN
76.6,76.7,0.6,0.0,1.4,WIN
76.2,75.0,2.2,1.8,0.8,WIN
78.5,83.6,1.2,1.6,0.8,WIN
75.4,76.9,0.0,0.8,0.0,LOSE
75.5,83.0,1.4,2.0,1.0,LOSE
78.3,77.2,2.0,1.4,1.4,LOSE
78.3,83.3,1.0,1.8,0.6,LOSE
74.5,76.7,0.8,1.0,0.3333333333333333,WIN
77.7,75.8,1.6,1.8,2.2,WIN
74.3,78.8,0.8,0.8,3.0,WIN
86.0,85.9,2.4,2.6,1.6,DRAW
83.7,77.3,1.8,1.4,1.8,LOSE
75.4,74.4,0.0,1.2,0.0,LOSE
76.0,76.9,1.2,2.4,0.4,WIN
82.1,74.5,1.8,0.8,2.4,WIN
77.7,77.0,2.6,1.0,1.4,DRAW
76.4,77.3,2.6,0.8,0.6,WIN
86.2,80.3,3.0,1.4,2.2,WIN
78.0,79.5,1.8,0.8,1.4,DRAW
82.2,77.3,1.6,1.8,1.4,LOSE
76.4,75.8,3.0,1.6,1.4,WIN
85.5,76.5,2.0,1.8,2.4,WIN
76.7,76.0,1.2,1.0,1.4,WIN
77.3,81.6,1.8,0.8,1.6,WIN
74.6,75.5,0.8,1.2,1.6,LOSE
86.4,75.0,2.0,1.4,3.0,WIN
78.5,78.2,2.2,1.2,1.8,DRAW
72.6,83.0,1.4,1.8,0.0,DRAW
82.5,77.5,1.4,0.2,1.2,WIN
76.4,78.5,1.2,1.2,1.8,WIN
77.0,74.1,0.2,1.0,1.0,DRAW
85.5,78.4,3.0,0.0,1.6,WIN
75.8,77.3,1.0,1.2,1.0,DRAW
81.5,83.9,2.2,2.6,1.8,DRAW
76.1,84.5,3.0,2.6,0.4,LOSE
77.8,77.0,1.8,1.2,1.8,LOSE
75.4,76.3,0.0,1.0,1.0,LOSE
75.6,75.6,1.2,1.4,1.6,LOSE
78.8,74.6,0.8,0.2,2.4,WIN
77.1,85.1,0.8,2.2,1.3333333333333333,LOSE
82.5,77.6,1.8,1.0,1.8,WIN
77.7,82.5,1.4,2.6,1.4,WIN
77.9,76.9,2.2,1.8,0.2,LOSE
80.8,73.3,1.8,1.8,3.0,WIN
74.9,74.6,1.2,0.8,1.4,WIN
82.8,79.1,1.8,0.6,1.6,DRAW
76.4,78.4,1.8,1.4,1.25,LOSE
73.8,75.9,1.6,0.6,0.0,WIN
77.2,80.8,0.4,0.6,0.0,WIN
85.8,83.0,3.0,2.0,2.6,DRAW
74.1,78.5,0.6,0.2,0.4,LOSE
78.0,77.7,2.2,0.0,1.0,LOSE
77.4,76.6,1.8,1.4,2.3333333333333335,WIN
86.6,76.2,2.0,1.2,2.6,WIN
78.7,83.6,1.2,2.6,0.6,LOSE
76.3,82.7,0.8,2.0,0.3333333333333333,LOSE
79.6,73.1,2.0,0.2,2.0,WIN
73.2,77.7,0.0,0.6,1.4,DRAW
79.2,86.4,1.2,2.6,1.2,LOSE
82.7,77.4,2.4,1.8,1.4,WIN
82.2,75.5,2.4,1.0,2.0,WIN
78.3,73.8,1.2,0.2,2.3333333333333335,DRAW
78.8,86.1,2.0,2.6,0.2,DRAW
73.2,78.6,0.2,0.4,0.8,LOSE
76.6,77.2,0.8,1.8,0.3333333333333333,DRAW
78.7,75.2,1.2,1.8,1.8,DRAW
77.1,73.8,2.0,1.8,0.0,LOSE
76.2,77.3,2.4,1.2,0.0,WIN
74.3,80.0,0.6,2.6,0.6,LOSE
78.4,74.7,2.0,1.4,1.6,WIN
76.5,75.8,0.8,0.8,1.6,DRAW
83.6,78.5,1.4,1.0,1.6,DRAW
76.9,76.3,1.8,0.8,0.8,WIN
73.7,75.8,2.0,1.4,1.0,LOSE
77.0,78.8,1.0,0.6,1.0,WIN
75.8,76.6,1.8,0.6,0.8,LOSE
84.4,73.5,1.0,0.6,3.0,WIN
74.5,78.6,1.8,0.0,1.4,WIN
79.6,76.3,2.0,0.4,1.6,WIN
84.7,79.2,2.6,0.8,3.0,WIN
85.6,77.8,2.6,1.4,3.0,WIN
74.5,82.7,0.6,1.6,0.2,LOSE
76.8,80.6,2.2,1.2,1.2,LOSE
75.5,86.1,0.0,2.6,1.0,DRAW
73.1,80.0,0.8,0.8,2.25,WIN
76.4,77.5,1.0,0.8,1.0,WIN
78.6,73.6,2.4,0.0,0,WIN
81.8,74.0,2.4,0.4,1.4,WIN
76.3,85.2,2.0,2.0,1.4,LOSE
82.0,76.1,2.2,2.0,2.4,LOSE
79.3,75.5,2.0,1.8,3.0,DRAW
79.3,86.2,1.6,2.2,0.4,LOSE
79.8,76.3,1.0,0.8,2.2,WIN
76.1,78.9,1.6,1.2,1.6,DRAW
86.4,73.2,2.6,0.6,3.0,WIN
74.6,76.4,0.6,2.0,1.0,DRAW
77.5,75.5,0.8,0.4,2.5,DRAW
80.6,79.3,1.8,1.0,2.0,WIN
74.8,83.3,2.0,0.0,0.0,WIN
74.7,79.2,0.0,0.6,0,WIN
84.5,81.8,1.6,2.2,2.6,DRAW
83.4,76.6,2.6,0.8,3.0,DRAW
82.0,78.9,2.4,0.2,1.4,WIN
76.8,79.3,2.0,0.8,0.8,WIN
75.7,74.2,1.4,0.0,0,DRAW
75.1,75.4,0.2,2.0,0,WIN
78.6,73.4,1.6,0.2,1.6,LOSE
73.4,80.6,1.4,1.8,0.8,LOSE
76.3,83.5,1.0,2.0,0.25,WIN
79.5,76.1,1.0,2.0,0.8,LOSE
78.9,86.1,2.4,2.6,0.0,DRAW
81.4,83.9,1.6,2.2,0.2,WIN
74.2,81.4,0.8,0.0,0.6,LOSE
75.1,75.8,2.0,0.8,3.0,DRAW
76.5,76.3,1.8,1.6,2.0,WIN
82.5,78.3,1.8,1.0,1.6,WIN
84.7,73.3,2.2,0.6,3.0,WIN
87.1,76.1,3.0,1.0,1.6,WIN
80.1,76.0,2.4,0.6,2.5,WIN
79.4,78.9,1.6,0.6,0.2,LOSE
79.6,78.0,1.0,1.4,1.2,DRAW
73.8,82.0,3.0,1.8,0,LOSE
76.0,76.5,0.8,2.0,1.5,WIN
76.7,74.2,2.0,1.4,1.0,DRAW
74.5,83.7,0.8,1.4,1.0,WIN
76.5,75.8,1.4,1.0,1.0,DRAW
85.6,75.4,3.0,0.5,0,WIN
80.0,79.3,3.0,0.8,1.2,WIN
74.0,79.6,1.4,0.2,0.25,DRAW
79.5,82.2,0.4,1.8,1.4,DRAW
84.7,77.6,2.2,1.6,2.2,WIN
79.1,81.4,1.4,0.6,1.6,LOSE
75.8,82.8,1.4,2.0,1.0,DRAW
78.1,76.8,2.0,1.0,1.4,DRAW
75.4,74.0,1.5,0.6,0,LOSE
81.7,76.0,3.0,0.4,2.5,WIN
78.5,75.5,0.6,0.8,2.6,WIN
74.5,75.3,1.6,1.0,0.5,WIN
82.6,79.7,1.8,1.2,1.8,WIN
79.1,87.0,1.0,2.2,0.0,DRAW
76.2,78.6,2.2,0.8,1.0,WIN
82.0,79.8,2.0,1.8,0.8,WIN
79.1,75.5,1.2,0.6,1.2,WIN
75.8,76.8,1.0,0.4,0,LOSE
78.9,86.5,1.2,1.8,0.6,LOSE
78.5,74.5,1.6,1.2,2.2,DRAW
81.2,78.5,3.0,0.8,2.4,WIN
75.2,80.2,2.0,1.2,1.5,LOSE
75.3,79.8,1.0,1.2,0.8,WIN
80.6,82.3,3.0,1.8,1.2,WIN
74.4,75.0,1.4,1.0,0,DRAW
76.5,83.3,2.0,1.2,0.0,LOSE
75.7,78.1,1.4,1.0,0.5,LOSE
84.2,76.5,2.2,2.0,1.6,DRAW
73.7,77.2,0.8,0.6,1.4,LOSE
79.6,79.4,0.4,0.4,1.8,WIN
85.6,82.0,3.0,1.2,1.4,WIN
76.5,78.5,1.6,0.6,1.0,DRAW
79.2,75.4,1.4,0.3333333333333333,0,WIN
74.9,77.7,1.0,0.2,1.4,WIN
81.5,77.9,2.2,0.2,1.2,WIN
86.3,75.5,3.0,0.6,1.6,WIN
78.1,74.7,1.8,1.2,2.0,WIN
76.5,81.7,2.6,1.6,1.2,LOSE
76.8,76.4,1.4,0.8,1.0,WIN
79.7,76.2,1.0,1.0,2.5,WIN
80.6,84.9,3.0,1.6,0.6,WIN
77.1,82.7,1.6,1.2,1.2,LOSE
75.5,78.5,0.75,0.2,0,DRAW
75.2,76.5,1.4,1.6,0.0,WIN
77.5,76.8,1.4,0.6,2.2,DRAW
76.5,74.9,1.4,1.4,1.5,DRAW
77.7,74.9,1.2,0.25,0,WIN
82.3,77.2,3.0,1.0,1.6,WIN
78.3,81.9,1.6,1.8,0.8,LOSE
76.5,80.6,1.8,1.8,0.25,LOSE
84.2,78.1,2.0,1.6,2.6,DRAW
75.5,79.2,0.8,0.6,1.0,DRAW
84.3,86.2,2.2,1.8,0.6,WIN
76.1,75.3,2.0,0.2,0,DRAW
76.9,75.6,1.4,0.2,1.8,WIN
74.9,76.0,1.6,0.6,1.0,LOSE
74.4,80.9,2.0,1.8,1.5,DRAW
78.1,77.5,1.8,1.0,2.0,WIN
83.5,78.3,2.2,0.8,2.4,WIN
83.3,82.3,2.0,1.6,2.0,WIN
76.6,78.1,1.6,0.4,0.0,WIN
77.8,75.8,1.0,0.8,1.75,WIN
75.6,82.3,0.8,1.0,0,WIN
77.5,76.7,1.0,0.6,2.0,WIN
87.1,76.1,3.0,1.4,2.4,WIN
82.0,83.5,2.6,1.8,0.8,DRAW
78.5,74.1,1.4,0.6,0.5,WIN
75.5,76.7,1.6,0.8,3.0,LOSE
75.2,80.6,1.0,2.4,0.8,DRAW
77.4,77.5,1.6,0.0,1.0,LOSE
80.8,78.3,3.0,1.2,2.2,LOSE
78.2,74.9,1.4,1.0,1.0,WIN
78.5,85.6,1.4,1.6,0.6,LOSE
73.6,81.1,1.0,1.4,0.8,LOSE
75.2,75.6,1.6,0.2,1.5,DRAW
76.1,81.5,1.6,1.4,0.8,WIN
76.8,75.5,2.0,1.2,1.4,WIN
78.3,78.5,1.8,0.4,1.0,WIN
76.6,77.5,2.0,1.0,1.5,DRAW
84.8,75.5,2.6,0.2,2.5,LOSE
80.6,76.7,3.0,0.4,0,WIN
83.2,78.5,2.0,0.8,2.6,WIN
75.5,74.1,1.0,1.0,0,WIN
84.7,76.4,3.0,1.2,3.0,WIN
75.4,74.1,0.8,0.4,0,DRAW
75.7,76.1,1.4,0.8,1.6,LOSE
77.5,77.5,1.6,0.6,2.2,LOSE
82.7,80.6,2.2,2.0,0.8,LOSE
78.8,82.1,1.4,2.0,0.8,WIN
74.0,78.1,1.0,1.6,0.8,LOSE
79.6,76.8,2.0,0.6,1.6,LOSE
80.9,84.7,2.4,0.4,0.4,LOSE
86.6,74.4,3.0,0.6,3.0,LOSE
73.9,76.3,1.0,1.0,2.0,WIN
84.8,74.6,2.0,0.6,2.4,WIN
77.2,76.8,1.0,1.0,0,WIN
81.5,74.0,1.8,0.6,2.25,WIN
79.6,77.4,2.0,1.2,2.0,LOSE
78.0,79.4,2.2,1.4,0.6,WIN
74.7,80.6,1.2,2.0,1.2,LOSE
75.6,79.2,2.0,0.4,1.0,LOSE
76.8,82.2,1.6,1.4,0.25,LOSE
74.6,80.5,1.6,1.4,0.5,DRAW
76.3,76.7,2.0,1.2,2.5,LOSE
75.9,75.0,1.4,0.4,1.2,LOSE
77.0,78.0,1.4,2.0,1.8,LOSE
75.8,75.7,1.0,0.8,1.2,LOSE
78.4,85.4,2.0,0.8,0.6,LOSE
79.9,79.5,3.0,0.2,2.6,WIN
83.5,73.9,2.0,1.0,0.8,WIN
83.1,76.6,2.6,0.2,0,WIN
73.5,83.6,1.0,1.6,1.0,LOSE
79.4,74.5,1.8,1.0,0.0,LOSE
84.1,76.8,2.0,1.8,1.8,WIN
77.1,82.1,0.6,1.4,0.8,LOSE
73.8,76.6,1.4,1.0,0.8,LOSE
76.7,75.5,1.0,0.6,1.0,WIN
83.9,76.7,2.4,0.8,3.0,DRAW
78.0,74.3,2.6,0.6,1.0,DRAW
75.6,79.7,1.4,2.6,1.4,LOSE
81.9,78.4,1.8,1.0,2.4,LOSE
76.8,83.5,1.6,1.4,0,DRAW
74.5,83.3,1.2,1.4,0.5,WIN
79.7,78.3,3.0,2.6,2.4,DRAW
76.7,73.1,1.2,1.4,2.0,LOSE
78.5,76.5,1.4,1.8,1.75,LOSE
82.7,74.0,2.6,0.4,2.4,WIN
73.8,76.8,0.4,0.2,0,LOSE
73.8,79.6,0.8,0.2,0.75,DRAW
79.1,77.1,1.8,0.8,0.8,DRAW
76.6,81.6,1.8,1.4,1.0,LOSE
83.2,86.1,2.0,2.0,1.2,LOSE
76.5,80.5,1.6,1.0,0.0,WIN
78.8,74.5,1.4,0.8,1.6,WIN
83.0,86.0,2.6,2.4,0.8,WIN
73.7,84.2,0.8,1.2,1.2,WIN
77.6,74.9,0.6,0.6,1.8,LOSE
76.5,78.2,1.8,1.8,0.0,WIN
77.0,79.7,0.6,0.4,0.6,WIN
75.3,74.5,1.8,0.2,1.0,WIN
77.8,76.8,1.4,1.4,3.0,WIN
78.3,76.8,2.6,1.8,2.2,WIN
80.8,79.7,1.2,2.6,1.2,LOSE
76.5,83.5,1.8,2.0,1.4,DRAW
82.5,82.4,2.0,2.0,0.6,WIN
80.7,79.4,2.4,0.4,1.6,DRAW
72.9,76.3,1.2,0.8,3.0,DRAW
77.5,75.3,0.8,1.8,1.4,DRAW
74.7,78.6,0.4,1.4,1.2,LOSE
79.4,77.6,1.2,0.4,1.8,WIN
76.5,78.3,1.4,2.2,1.0,DRAW
74.4,74.8,0.8,1.4,1.3333333333333333,DRAW
84.5,77.3,2.0,1.0,3.0,WIN
79.7,82.4,2.6,1.6,1.4,WIN
76.7,82.4,2.0,1.4,0.2,LOSE
79.9,76.7,1.4,1.8,2.4,DRAW
77.7,79.7,0.6,2.6,1.8,WIN
78.8,76.9,2.0,1.8,1.4,LOSE
75.4,74.2,1.8,1.2,1.5,WIN
76.2,72.8,1.4,0.0,0.8,WIN
83.3,75.9,3.0,1.2,1.0,WIN
78.8,82.6,0.6,1.2,0.0,WIN
78.3,79.1,2.6,0.2,1.6,DRAW
77.5,75.0,2.2,0.8,0,WIN
82.4,82.7,0.6,1.8,1.8,WIN
81.4,75.2,3.0,0.8,2.5,DRAW
79.1,79.0,1.2,0.4,0.6,DRAW
79.7,74.9,2.6,1.6,2.0,DRAW
75.7,76.2,1.0,2.0,1.8,DRAW
76.7,79.2,1.4,1.0,3.0,WIN
75.8,80.7,0.8,2.0,0.6,WIN
73.4,79.4,0.2,1.0,0.2,LOSE
73.7,78.5,0.8,2.2,0.4,DRAW
74.1,82.2,1.0,1.4,0.4,LOSE
87.2,78.5,2.0,1.8,2.6,WIN
82.9,77.6,2.0,0.4,1.6,WIN
79.6,86.3,2.2,1.8,0.0,LOSE
79.5,80.0,1.4,2.4,1.2,LOSE
75.4,76.2,2.2,1.2,1.0,DRAW
74.5,76.5,1.8,1.4,0.6,LOSE
79.3,74.5,1.4,0.6,1.6,LOSE
77.4,74.1,0.6,0.4,1.6,WIN
78.8,87.1,2.2,1.8,0.0,DRAW
77.8,73.7,1.2,0.0,2.2,LOSE
77.8,83.5,2.2,1.2,0.4,LOSE
81.0,75.8,2.6,1.8,1.0,WIN
80.5,78.4,1.2,0.4,1.0,WIN
76.6,78.0,1.8,1.6,0.4,DRAW
77.4,79.1,1.2,1.8,0.2,LOSE
74.5,74.5,1.0,1.2,1.6,WIN
76.5,80.5,0.8,2.4,0.6,LOSE
79.3,77.2,0.8,0.8,0.0,WIN
73.6,82.8,1.0,1.4,0.0,LOSE
76.2,84.5,0.6,1.2,0.2,DRAW
80.5,82.3,1.8,0.6,0.4,WIN
82.2,78.2,2.0,1.6,2.4,WIN
80.5,77.4,1.6,0.4,0.6,WIN
85.5,78.1,2.0,1.8,2.6,WIN
79.9,72.9,1.6,0.6,2.6,WIN
78.9,76.7,0.8,0.8,1.4,WIN
73.2,78.9,1.2,0.4,1.8,WIN
80.9,74.5,1.4,0.4,2.0,WIN
79.5,81.2,1.2,1.4,0.8,WIN
73.5,77.5,0.0,1.2,1.0,WIN
78.5,77.5,2.2,0.2,1.0,DRAW
84.1,83.1,2.6,2.0,2.0,WIN
75.7,75.6,2.2,2.0,0.0,WIN
73.9,82.5,1.0,0.8,0.0,WIN
77.5,75.6,1.2,1.8,0.3333333333333333,WIN
75.2,73.5,1.0,2.2,0.4,DRAW
77.3,79.7,0.8,0.6,0.8,LOSE
81.1,79.2,1.8,0.8,3.0,WIN
76.6,84.9,0.8,1.4,0.8,LOSE
75.5,80.3,2.0,2.4,0.2,LOSE
83.6,73.5,2.6,1.2,2.2,DRAW
79.3,78.9,1.4,2.4,3.0,DRAW
78.6,79.8,1.6,1.0,1.2,WIN
75.0,74.8,0.6,1.6,1.0,LOSE
74.4,74.4,1.8,0.8,0.8,WIN
80.5,78.6,1.8,1.2,0.0,LOSE
78.9,73.9,1.4,0.6,0.6,WIN
75.7,78.5,2.6,0.6,0.3333333333333333,DRAW
74.4,81.1,0.6,1.2,0.8,DRAW
79.3,74.5,1.8,0.2,1.4,LOSE
81.3,77.5,1.4,0.4,1.4,DRAW
80.0,73.8,2.0,0.2,1.6,WIN
84.5,84.4,2.6,0.8,1.2,WIN
80.1,75.6,2.0,0.8,2.6,WIN
73.9,76.4,1.0,1.4,1.3333333333333333,WIN
74.4,75.7,2.4,1.6,2.0,DRAW
76.9,76.7,0.8,0.8,0.6,WIN
78.4,78.1,1.6,0.8,0.0,DRAW
80.2,78.5,1.6,2.0,2.0,LOSE
79.4,74.0,1.6,1.4,1.2,WIN
78.6,82.4,1.6,1.4,0.4,WIN
77.5,82.3,1.8,0.8,1.0,DRAW
77.4,78.5,0.8,2.0,1.4,LOSE
74.2,73.5,1.6,1.8,1.8,LOSE
76.5,78.4,1.2,0.8,0.0,WIN
82.5,82.6,1.0,0.8,1.2,DRAW
79.4,78.4,2.2,1.2,1.0,LOSE
82.5,75.2,2.2,1.2,2.0,WIN
82.1,77.5,2.2,0.4,1.6,WIN
78.5,78.0,1.8,0.2,1.0,WIN
74.7,78.1,2.2,1.6,0.3333333333333333,LOSE
76.7,79.7,1.4,0.4,0.2,LOSE
77.8,73.5,0.8,0.6,1.2,LOSE
82.3,74.4,2.4,1.8,1.8,WIN
76.9,81.8,1.8,1.0,1.2,WIN
73.3,85.5,0.8,2.0,0.4,LOSE
76.5,75.8,1.6,0.2,1.4,LOSE
84.6,80.4,2.6,2.4,2.4,DRAW
78.2,78.2,1.8,2.0,1.4,WIN
78.4,74.5,1.0,1.2,1.2,LOSE
77.1,76.2,2.0,0.8,1.4,LOSE
73.0,75.8,0.8,0.8,0.8,LOSE
82.3,74.3,3.0,1.2,2.0,LOSE
77.1,74.7,1.8,1.0,1.3333333333333333,WIN
87.0,78.3,3.0,0.8,2.4,WIN
79.7,80.5,1.6,2.0,0.2,DRAW
78.3,82.5,1.2,0.8,0.0,LOSE
76.6,84.6,1.4,1.0,0.8,LOSE
80.2,73.3,2.4,0.8,1.6,DRAW
76.4,75.5,0.8,0.8,1.0,WIN
74.8,78.2,1.6,2.0,1.3333333333333333,DRAW
75.8,77.3,1.2,0.4,0.8,DRAW
76.8,77.1,0.6,1.0,2.0,WIN
84.6,78.3,2.2,0.0,0.0,WIN
74.2,79.7,1.4,0.8,1.4,LOSE
78.1,81.5,2.0,1.0,1.0,WIN
77.4,75.5,1.8,1.2,0.6,WIN
78.2,75.9,2.4,1.4,2.0,WIN
76.8,76.8,1.4,0.2,0.8,DRAW
78.9,72.2,0.6,1.6,1.0,WIN
79.7,84.9,1.6,1.0,0.6,LOSE
81.6,74.4,1.0,0.8,1.3333333333333333,LOSE
86.3,80.4,3.0,2.2,3.0,WIN
77.8,78.3,1.4,1.8,0.6,LOSE
74.2,74.6,0.8,1.8,1.6,LOSE
81.3,83.0,2.4,1.2,0.6,DRAW
76.4,79.7,1.2,1.4,1.0,WIN
74.9,79.2,1.2,0.0,1.0,WIN
74.3,77.4,2.0,0.4,1.4,WIN
74.2,74.5,1.2,0.6,0.0,WIN
76.2,84.9,1.4,2.6,0.0,LOSE
83.2,78.2,2.2,2.2,1.4,WIN
78.2,73.6,2.0,1.0,2.0,WIN
83.6,81.4,2.6,0.4,2.2,WIN
79.2,77.5,0.6,0.6,1.0,DRAW
80.2,82.5,2.6,1.0,2.4,WIN
83.9,77.0,2.6,1.2,1.6,WIN
83.6,78.5,3.0,1.2,2.2,WIN
72.3,82.5,2.0,1.4,1.2,WIN
74.2,79.3,1.8,0.8,1.4,LOSE
83.4,74.4,3.0,0.6,2.0,WIN
80.9,76.4,2.0,1.2,2.0,WIN
77.9,78.2,2.4,1.6,1.6,WIN
84.5,74.9,2.6,1.4,1.3333333333333333,WIN
78.5,80.1,2.4,1.6,0.8,LOSE
79.4,82.9,1.0,0.8,0.0,WIN
76.7,77.7,0.8,0.4,1.4,WIN
73.9,76.5,2.6,0.8,1.4,LOSE
79.1,74.0,1.0,0.4,3.0,WIN
75.4,79.0,1.0,2.4,1.6,DRAW
78.5,80.9,3.0,0.4,1.2,WIN
78.6,79.0,0.4,0.0,1.0,DRAW
76.3,73.4,1.6,1.8,2.4,WIN
83.5,77.2,2.6,0.2,2.4,WIN
74.0,76.7,0.2,0.6,1.4,LOSE
74.7,77.8,1.6,1.2,3.0,WIN
76.4,85.3,0.8,2.6,0.2,LOSE
80.3,71.4,2.6,1.4,2.0,LOSE
79.8,84.5,0.8,1.4,1.2,LOSE
79.0,73.1,2.4,1.8,1.0,WIN
80.9,74.4,2.0,0.8,1.6666666666666667,LOSE
74.9,83.5,1.2,0.8,0.6,LOSE
76.8,75.7,1.2,1.2,0.8,DRAW
84.5,79.1,2.6,1.4,2.4,DRAW
76.4,76.3,2.4,1.2,1.8,DRAW
79.0,80.6,1.4,1.6,0.0,WIN
79.9,76.0,1.4,0.6,2.0,WIN
71.9,72.8,2.0,0.4,1.6,WIN
78.4,78.4,3.0,1.2,2.4,WIN
78.2,78.8,2.4,0.4,1.8,DRAW
71.1,84.0,2.0,3.0,0.6,DRAW
83.5,74.8,2.6,1.2,1.0,WIN
80.6,76.5,2.0,0.2,1.8,WIN
79.1,69.5,3.0,1.2,2.0,WIN
75.0,79.4,1.6,2.6,1.0,WIN
78.2,78.4,0.4,2.0,2.4,DRAW
75.7,76.2,2.0,0.2,0.0,DRAW
77.2,73.5,0.8,1.8,0.8,WIN
75.8,80.4,1.0,0.4,0.6,LOSE
77.5,78.3,0.8,1.2,0.8,WIN
81.3,76.8,3.0,1.2,2.6,WIN
73.0,81.5,0.2,2.0,0.6,DRAW
